shop_name,url,place,types,star,price_dinner,price_lunch,holiday
プティ・ポン・パティスリー,https://tabelog.com/tokyo/A1329/A132905/13208031/,高尾駅 215m,ケーキ,3.11,-,￥1000～￥1999,月曜日・火曜日
ラ・パティスリー by アマン東京,https://tabelog.com/tokyo/A1302/A130201/13262844/,大手町駅 100m,ケーキ、洋菓子（その他）、パン,3.53,-,～￥999,日曜日
マパティスリー,https://tabelog.com/tokyo/A1304/A130401/13126511/,新宿三丁目駅 64m,ケーキ,3.15,-,￥1000～￥1999,伊勢丹に準じる
パティスリー華,https://tabelog.com/tokyo/A1319/A131905/13168444/,阿佐ケ谷駅 846m,ケーキ、カフェ,3.13,￥1000～￥1999,～￥999,水曜日・他不定休
パティスリー リョーコ,https://tabelog.com/tokyo/A1316/A131603/13137010/,高輪台駅 425m,ケーキ、チョコレート、マカロン,4.12,￥3000～￥3999,￥4000～￥4999,不定休（HPに掲載）
パティスリー・パリセヴェイユ,https://tabelog.com/tokyo/A1317/A131703/13005198/,自由が丘駅 195m,ケーキ、カフェ、パン,4.03,￥1000～￥1999,￥1000～￥1999,不定休
パティスリー カーヴァンソン,https://tabelog.com/tokyo/A1309/A130905/13035194/,飯田橋駅 408m,ケーキ、チョコレート、洋菓子（その他）,3.94,￥10000～￥14999,￥5000～￥5999,だいたい休業しています
パティスリー プレジール,https://tabelog.com/tokyo/A1317/A131706/13045491/,西太子堂駅 671m,ケーキ、カフェ,3.94,￥1000～￥1999,￥1000～￥1999,月曜～金曜
パティスリー ユウ ササゲ,https://tabelog.com/tokyo/A1318/A131809/13155662/,千歳烏山駅 265m,ケーキ、パン,3.91,￥2000～￥2999,￥1000～￥1999,火曜、第2・4水曜
Patisserie JUN UJITA,https://tabelog.com/tokyo/A1317/A131702/13133033/,都立大学駅 916m,ケーキ、カフェ,3.88,￥1000～￥1999,￥1000～￥1999,月・火がお休みとなります。祝日の場合は営業いたします。
ア コテ パティスリー,https://tabelog.com/tokyo/A1316/A131602/13051424/,白金台駅 361m,ケーキ、チョコレート、洋菓子（その他）,3.82,～￥999,～￥999,日曜日・不定休
パティスリー イル・プルー・シュル・ラ・セーヌ,https://tabelog.com/tokyo/A1303/A130303/13001912/,代官山駅 454m,ケーキ,3.78,￥1000～￥1999,￥1000～￥1999,月～水曜日
パティスリー SATSUKI,https://tabelog.com/tokyo/A1308/A130803/13000178/,永田町駅 537m,ケーキ、パン,3.77,～￥999,～￥999,無休
パティスリー ラブリコチエ,https://tabelog.com/tokyo/A1319/A131904/13100828/,高円寺駅 463m,ケーキ、カフェ,3.76,～￥999,￥1000～￥1999,月曜（※火曜不定休）
パティスリー・スリール,https://tabelog.com/tokyo/A1317/A131701/13018799/,祐天寺駅 504m,ケーキ、パン,3.76,-,～￥999,水曜日(祝日の場合変動）他に休業日あり
パティスリー レザネフォール 恵比寿本店,https://tabelog.com/tokyo/A1303/A130302/13149501/,代官山駅 323m,ケーキ,3.75,～￥999,～￥999,不定休
パティスリー カカオエット・パリ,https://tabelog.com/tokyo/A1317/A131701/13039525/,中目黒駅 522m,ケーキ、洋菓子（その他）、カフェ,3.75,～￥999,￥1000～￥1999,火曜日、第1・3月曜日
パティスリーサロン・ドゥ・テ アミティエ,https://tabelog.com/tokyo/A1309/A130905/13047005/,神楽坂駅 302m,ケーキ、カフェ、洋菓子（その他）,3.75,￥1000～￥1999,￥1000～￥1999,火曜日、月曜日は不定休
パティスリー タダシ ヤナギ 八雲店,https://tabelog.com/tokyo/A1317/A131702/13019733/,都立大学駅 533m,ケーキ、パン,3.75,￥2000～￥2999,￥1000～￥1999,水曜日
リベルテ・パティスリー・ブーランジェリー 東京本店・吉祥寺,https://tabelog.com/tokyo/A1320/A132001/13219660/,吉祥寺駅 381m,パン、ケーキ、カフェ,3.73,￥2000～￥2999,￥1000～￥1999,無休(年末年始 夏季 を除く)
パティスリートレカルム,https://tabelog.com/tokyo/A1323/A132301/13175122/,千石駅 235m,ケーキ、マカロン、パン,3.73,￥1000～￥1999,～￥999,月曜日、不定期
パティスリー　ラ・グリシーヌ,https://tabelog.com/tokyo/A1317/A131705/13150993/,池尻大橋駅 579m,スイーツ（その他）、ケーキ,3.71,￥1000～￥1999,￥1000～￥1999,毎週月曜日、第1.3火曜日（祝日の場合、翌日お休みをい...
パティスリー・サダハル・アオキ・パリ 丸の内店,https://tabelog.com/tokyo/A1301/A130102/13018800/,有楽町駅 161m,ケーキ、マカロン,3.7,￥1000～￥1999,￥1000～￥1999,無休
パティスリー フォブス,https://tabelog.com/tokyo/A1311/A131103/13200705/,田原町駅 365m,ケーキ、かき氷,3.67,￥1000～￥1999,～￥999,火曜・水曜(祝日の場合は営業、翌日休み)
パティスリーヨシノリアサミ,https://tabelog.com/tokyo/A1323/A132301/13187756/,巣鴨駅 273m,ケーキ、洋菓子（その他）,3.66,￥2000～￥2999,￥1000～￥1999,火曜・水曜
パティスリー イーズ,https://tabelog.com/tokyo/A1302/A130202/13246269/,茅場町駅 250m,ケーキ,3.66,～￥999,～￥999,水曜日
パティスリー ラ ヴィ ドゥース,https://tabelog.com/tokyo/A1309/A130903/13004306/,曙橋駅 280m,ケーキ、カフェ,3.66,～￥999,～￥999,月曜日
パティスリー ビガロー,https://tabelog.com/tokyo/A1317/A131707/13167950/,桜新町駅 244m,ケーキ、カフェ,3.66,-,￥2000～￥2999,水曜日(祝日の場合は翌日)、不定休(インスタグラムにて告知)
エシレ パティスリー オ ブール 東急フードショー エッジ店,https://tabelog.com/tokyo/A1303/A130301/13240780/,渋谷駅 74m,洋菓子（その他）,3.65,-,￥1000～￥1999,無休
パティスリーレセンシエル,https://tabelog.com/tokyo/A1323/A132302/13174296/,茗荷谷駅 455m,ケーキ、カフェ,3.62,～￥999,～￥999,木曜日、不定休(SNSにて告知)
ル・リベラリスム・シーオー　パティスリー・タツヤ・ササキ,https://tabelog.com/tokyo/A1329/A132904/13137859/,西八王子駅 309m,ケーキ、パン,3.62,-,～￥999,月曜日(祝日の場合翌日)、不定休
パティスリー・サダハル・アオキ・パリ 東京ミッドタウン店,https://tabelog.com/tokyo/A1307/A130701/13037371/,六本木駅 369m,カフェ、ケーキ、マカロン,3.61,￥5000～￥5999,￥1000～￥1999,無休
パティスリー ナオキ 駒沢店,https://tabelog.com/tokyo/A1317/A131707/13001442/,駒沢大学駅 127m,ケーキ,3.61,￥1000～￥1999,～￥999,月曜日、火曜日
パティスリー アンカド,https://tabelog.com/tokyo/A1327/A132701/13231679/,町田駅 537m,ケーキ、洋菓子（その他）、カフェ,3.61,～￥999,～￥999,-
パティスリー・サダハルアオキ・パリ 新宿伊勢丹店,https://tabelog.com/tokyo/A1304/A130401/13032302/,新宿三丁目駅 65m,ケーキ、マカロン、パン,3.6,～￥999,￥1000～￥1999,不定休（伊勢丹に準ずる）
パティスリーSAKURA,https://tabelog.com/tokyo/A1313/A131307/13119767/,豊洲駅 159m,ケーキ、パン,3.6,￥1000～￥1999,～￥999,火曜日
パティスリープラネッツ 大泉学園本店,https://tabelog.com/tokyo/A1321/A132103/13005576/,練馬区,ケーキ、チョコレート,3.6,-,～￥999,水曜日(稀に火曜日も不定で休むことあり)
パティスリー ユウ ササゲ 新宿店,https://tabelog.com/tokyo/A1304/A130401/13259528/,新宿駅 147m,ケーキ、洋菓子（その他）,3.6,～￥999,～￥999,-
パティスリー ロータス,https://tabelog.com/tokyo/A1319/A131907/13210549/,西荻窪駅 236m,ケーキ、カフェ、パフェ,3.59,￥1000～￥1999,￥1000～￥1999,-
パティスリーQBG エキュート品川店,https://tabelog.com/tokyo/A1314/A131403/13019780/,品川駅 45m,ケーキ、洋菓子（その他）,3.57,￥1000～￥1999,～￥999,無休
エシレ パティスリー オ ブール,https://tabelog.com/tokyo/A1304/A130401/13227809/,新宿三丁目駅 80m,洋菓子（その他）,3.57,-,￥1000～￥1999,不定休(営業時間・定休日は伊勢丹新宿店に準ずる)
パティスリー・イチリン,https://tabelog.com/tokyo/A1325/A132502/13099104/,国分寺市,ケーキ、パン、カフェ・喫茶（その他）,3.57,～￥999,～￥999,毎週火曜日
パティスリー カメリア銀座,https://tabelog.com/tokyo/A1301/A130103/13229788/,銀座駅 384m,ケーキ、マカロン、パン,3.55,￥2000～￥2999,￥2000～￥2999,日曜日
パティスリー１９０４,https://tabelog.com/tokyo/A1317/A131705/13018913/,池尻大橋駅 610m,ケーキ、チョコレート,3.55,-,～￥999,毎週火曜日、第1.3月曜日
パティスリー ドゥ シェフ フジウ 立川店,https://tabelog.com/tokyo/A1329/A132901/13047964/,立川駅 51m,ケーキ,3.55,-,～￥999,エキュート立川に準じる
パティスリー サロン・ドゥ・テ・ゴセキ,https://tabelog.com/tokyo/A1320/A132001/13005928/,吉祥寺駅 447m,ケーキ,3.54,￥1000～￥1999,￥1000～￥1999,月曜日〜金曜日
パティスリー・ラ・ノブティック,https://tabelog.com/tokyo/A1322/A132203/13118222/,ときわ台駅 113m,ケーキ,3.53,～￥999,～￥999,毎月第一水曜日（お菓子教室開催日）
パティスリー パクタージュ,https://tabelog.com/tokyo/A1327/A132701/13153856/,玉川学園前駅 168m,ケーキ、チョコレート、パン,3.53,￥2000～￥2999,￥2000～￥2999,日・月・火曜日 【年末・年始・バレンタイン・ホワイトデ...
パティスリー シュシュクリエ 三軒茶屋店,https://tabelog.com/tokyo/A1317/A131706/13132570/,三軒茶屋駅 136m,ケーキ、スイーツ（その他）,3.52,￥1000～￥1999,￥1000～￥1999,無休
パティスリー トゥルモンド,https://tabelog.com/tokyo/A1317/A131710/13046138/,武蔵小山駅 226m,ケーキ、チョコレート,3.52,￥1000～￥1999,￥1000～￥1999,水曜日【12月31日は18時までの営業】【1月1～4日...
パティスリー モンテーニュ,https://tabelog.com/tokyo/A1309/A130904/13099179/,市ケ谷駅 533m,ケーキ、チョコレート、洋菓子（その他）,3.52,～￥999,～￥999,お盆・年末年始お休み
パティスリー サトウ,https://tabelog.com/tokyo/A1317/A131715/13250983/,九品仏駅 317m,ケーキ、洋菓子（その他）、チョコレート,3.52,-,￥2000～￥2999,火曜日・水曜日、不定休(SNSにて告知) ※祝日の場合...
パティスリー・サダハル・アオキ・パリ 渋谷ヒカリエ ShinQs店,https://tabelog.com/tokyo/A1303/A130301/13140312/,渋谷駅 181m,ケーキ、パン、マカロン,3.51,￥1000～￥1999,～￥999,不定休
パティスリーエドモント,https://tabelog.com/tokyo/A1309/A130905/13041576/,飯田橋駅 480m,パン、ケーキ,3.51,～￥999,～￥999,無休
パティスリーメリクリ,https://tabelog.com/tokyo/A1325/A132501/13123757/,武蔵小金井駅 785m,ケーキ,3.51,-,￥1000～￥1999,火曜日・他不定休有　火曜でも祝日は営業
パティスリー パロラ,https://tabelog.com/tokyo/A1301/A130103/13252336/,日比谷駅 345m,フルーツパーラー、カフェ、ケーキ,3.5,￥3000～￥3999,￥3000～￥3999,-
パティスリー ヒヤマ,https://tabelog.com/tokyo/A1323/A132302/13059455/,新大塚駅 645m,ケーキ,3.5,～￥999,～￥999,月曜日(祝祭日の場合は翌日)
パティスリー ル・ド・ブリク,https://tabelog.com/tokyo/A1301/A130103/13120611/,内幸町駅 205m,ケーキ、パン,3.5,-,～￥999,無休
パティスリー タツヤ ササキ 阿佐ヶ谷店,https://tabelog.com/tokyo/A1319/A131905/13208087/,阿佐ケ谷駅 330m,ケーキ、洋菓子（その他）、マカロン,3.5,-,～￥999,月曜日・水曜日(祝日の場合翌日)、不定休 ※公式サイト...
パティスリー・ヒロヤ・ミナミサワ,https://tabelog.com/tokyo/A1319/A131907/13200798/,西荻窪駅 754m,ケーキ、洋菓子（その他）,3.5,-,￥2000～￥2999,水曜日・木曜日
パティスリー・マダム・トキ,https://tabelog.com/tokyo/A1303/A130303/13001708/,代官山駅 643m,ケーキ、パン,3.5,￥1000～￥1999,～￥999,月曜日、土曜日、日曜日、祝日
パティスリー レザネフォール 中野店,https://tabelog.com/tokyo/A1321/A132104/13221152/,新井薬師前駅 437m,ケーキ,3.46,～￥999,～￥999,なし(年始不定休)
パティスリー モンシェール 銀座三越店,https://tabelog.com/tokyo/A1301/A130101/13044109/,銀座駅 158m,ケーキ,3.45,～￥999,～￥999,不定休(三越に準ずる)
パティスリー イソザキ 日本橋浜町本店,https://tabelog.com/tokyo/A1302/A130204/13036064/,水天宮前駅 351m,ケーキ,3.45,-,￥1000～￥1999,無休
ルポ バイ パティスリーイーズ,https://tabelog.com/tokyo/A1304/A130401/13251056/,新宿三丁目駅 59m,ケーキ、スイーツ（その他）,3.45,￥1000～￥1999,￥1000～￥1999,-
パティスリー&カフェ デリーモ 東京ミッドタウン日比谷店,https://tabelog.com/tokyo/A1301/A130102/13217479/,日比谷駅 199m,カフェ、ケーキ、パンケーキ,3.43,￥2000～￥2999,￥1000～￥1999,施設に準ずる
Patisserie cafe VIVANT,https://tabelog.com/tokyo/A1325/A132503/13256905/,矢川駅 757m,カフェ、ケーキ,3.43,-,￥1000～￥1999,火曜日
パティスリー メゾンドゥース,https://tabelog.com/tokyo/A1329/A132904/13158920/,南大沢駅 476m,ケーキ,3.42,-,～￥999,火曜日
パティスリープラネッツ 江古田店,https://tabelog.com/tokyo/A1321/A132101/13226996/,江古田駅 269m,ケーキ、カフェ、アイスクリーム,3.42,-,～￥999,水曜日、不定休(SNSにて告知)
パティスリーココアンジュ,https://tabelog.com/tokyo/A1307/A130701/13162259/,六本木駅 51m,ケーキ、カフェ、スイーツ（その他）,3.41,～￥999,～￥999,年中無休
パティスリーアノー 狛江店,https://tabelog.com/tokyo/A1326/A132603/13145476/,狛江駅 788m,ケーキ、洋菓子（その他）、カフェ,3.4,-,～￥999,年中無休
パティスリー アン サンク,https://tabelog.com/tokyo/A1315/A131502/13171474/,大森海岸駅 360m,ケーキ,3.4,-,￥3000～￥3999,火曜日、水曜日
パティスリー　ル・アマレット,https://tabelog.com/tokyo/A1313/A131305/13050952/,江戸川区,ケーキ,3.4,-,￥1000～￥1999,水曜日、不定休(公式サイトに営業日カレンダーあり)
パティスリー ナオヒラ,https://tabelog.com/tokyo/A1315/A131503/13117771/,梅屋敷駅 528m,ケーキ,3.39,-,～￥999,第一火曜日（イベントの際は振替あり）
ル・フレザリア パティスリー,https://tabelog.com/tokyo/A1328/A132806/13151184/,東村山駅 99m,ケーキ、パン,3.39,￥5000～￥5999,￥1000～￥1999,月曜日（祝日は除く）
パティスリー カカオエット パリ 武蔵小山店,https://tabelog.com/tokyo/A1317/A131710/13247930/,武蔵小山駅 386m,ケーキ、カフェ,3.38,-,￥1000～￥1999,毎週火曜日と第1と第3月曜日
パティスリーモデスト,https://tabelog.com/tokyo/A1326/A132601/13226375/,国領駅 332m,ケーキ,3.38,-,￥1000～￥1999,-
Patisserie HATT,https://tabelog.com/tokyo/A1313/A131302/13058348/,月島駅 300m,ケーキ,3.37,-,～￥999,水曜日
パティスリー プティエデン,https://tabelog.com/tokyo/A1315/A131502/13004736/,大森海岸駅 439m,ケーキ,3.37,-,～￥999,水曜日(祝祭日、ｲﾍﾞﾝﾄ等の場合、変更あり　）　　　...
パティスリー ウルス,https://tabelog.com/tokyo/A1312/A131201/13189547/,清澄白河駅 233m,スイーツ（その他）、ケーキ,3.36,-,～￥999,月曜日
パティスリー ルポンデザミ,https://tabelog.com/tokyo/A1322/A132205/13202658/,板橋本町駅 581m,ケーキ,3.36,-,～￥999,火曜日・不定休
パティスリー リブレゾン,https://tabelog.com/tokyo/A1325/A132502/13233556/,国分寺駅 177m,ケーキ,3.36,～￥999,～￥999,火（不定休）
パティスリー コポー,https://tabelog.com/tokyo/A1319/A131904/13045136/,新高円寺駅 205m,ケーキ,3.35,-,～￥999,月曜定休
パティスリーエール,https://tabelog.com/tokyo/A1317/A131715/13181403/,九品仏駅 64m,ケーキ、デリカテッセン,3.34,-,￥2000～￥2999,火曜日
パティスリー パブロフ,https://tabelog.com/tokyo/A1308/A130802/13247937/,虎ノ門ヒルズ駅 194m,ケーキ、カフェ,3.34,￥1000～￥1999,￥1000～￥1999,無休
パティスリー アンドゥ エキュート日暮里店,https://tabelog.com/tokyo/A1311/A131105/13093194/,日暮里駅 65m,ケーキ、洋菓子（その他）,3.34,￥1000～￥1999,￥1000～￥1999,エキュート日暮里に準ずる
パティスリーパブロフ,https://tabelog.com/tokyo/A1301/A130101/13207686/,銀座駅 246m,ケーキ,3.34,￥1000～￥1999,￥1000～￥1999,不定休(GINZA SIXに準ずる)
パティスリー モンシェール 日本橋三越店,https://tabelog.com/tokyo/A1302/A130202/13058319/,三越前駅 61m,ケーキ,3.33,-,￥2000～￥2999,なし
エシレ・パティスリー オ ブール 西武池袋店,https://tabelog.com/tokyo/A1305/A130501/13266154/,池袋駅 137m,洋菓子（その他）,3.33,￥2000～￥2999,￥1000～￥1999,西武池袋本店に準ずる
パティスリートム,https://tabelog.com/tokyo/A1325/A132501/13223884/,武蔵小金井駅 369m,ケーキ、洋菓子（その他）,3.33,-,～￥999,水曜日・第2火曜日(祝日の場合は営業)、不定休(SNS...
パティスリー クルール,https://tabelog.com/tokyo/A1323/A132302/13176861/,新大塚駅 80m,ケーキ、チョコレート,3.32,￥2000～￥2999,～￥999,不定休
パティスリーカフェ エムヤスヒコ,https://tabelog.com/tokyo/A1328/A132802/13215398/,東久留米駅 486m,ケーキ、カフェ、かき氷,3.32,～￥999,～￥999,火曜日
パティスリー・キハチ 東大島店,https://tabelog.com/tokyo/A1312/A131202/13020386/,東大島駅 293m,ケーキ,3.31,～￥999,～￥999,無休
パティスリー＆ブーランジェリー ハル,https://tabelog.com/tokyo/A1313/A131303/13208147/,東陽町駅 358m,ケーキ、洋菓子（その他）、パン,3.31,～￥999,～￥999,月曜日(祝日の場合営業)、不定休(インスタグラムにて告知)
パティスリーパダクシオン,https://tabelog.com/tokyo/A1305/A130501/13230673/,池袋駅 530m,ケーキ,3.31,～￥999,～￥999,日曜日
パティスリー 85,https://tabelog.com/tokyo/A1313/A131301/13237880/,新富町駅 139m,カフェ,3.31,￥1000～￥1999,～￥999,水曜日、日曜日
パティスリーマサ,https://tabelog.com/tokyo/A1322/A132203/13200688/,中板橋駅 199m,ケーキ,3.31,-,～￥999,火曜日（祝祭日は営業）、不定休（SNSにて告知）
パティスリー ルパン,https://tabelog.com/tokyo/A1329/A132903/13185801/,日野駅 138m,ケーキ,3.31,￥2000～￥2999,～￥999,無休（夏季・年末年始を除く）
ヴィヴェル パティスリー トウキョウ,https://tabelog.com/tokyo/A1306/A130602/13245262/,表参道駅 43m,洋菓子（その他）、カフェ,3.3,-,￥1000～￥1999,-
フランクミュラー・パティスリー GINZA SIX,https://tabelog.com/tokyo/A1301/A130101/13207735/,東銀座駅 291m,洋菓子（その他）,3.3,￥2000～￥2999,￥1000～￥1999,-
Patisserie Faon,https://tabelog.com/tokyo/A1327/A132701/13101003/,町田市,ケーキ、カフェ,3.3,-,￥1000～￥1999,不定休
パティスリーコリウール,https://tabelog.com/tokyo/A1317/A131716/13050012/,下丸子駅 214m,ケーキ、チョコレート,3.29,-,～￥999,水曜日
パティスリー　ラ　ボンボニエール,https://tabelog.com/tokyo/A1326/A132602/13144056/,府中駅 365m,ケーキ,3.29,～￥999,￥1000～￥1999,火曜日
パティスリー ア・ビアント 府中店,https://tabelog.com/tokyo/A1326/A132602/13048806/,府中市,ケーキ,3.28,～￥999,￥1000～￥1999,無休
パティスリーシャロン  新町店,https://tabelog.com/tokyo/A1330/A133003/13094938/,青梅市,ケーキ、洋菓子（その他）,3.28,-,～￥999,年中無休
パティスリー エスリエール,https://tabelog.com/tokyo/A1314/A131405/13235640/,新馬場駅 312m,ケーキ、チョコレート,3.27,～￥999,～￥999,水曜日
パティスリー スウィジック,https://tabelog.com/tokyo/A1318/A131813/13224574/,世田谷区,ケーキ、洋菓子（その他）,3.27,-,￥1000～￥1999,水曜日
パティスリー・ウー,https://tabelog.com/tokyo/A1319/A131903/13009231/,方南町駅 352m,ケーキ,3.26,～￥999,～￥999,火曜日
パティスリー　ブリーズ,https://tabelog.com/tokyo/A1329/A132902/13109945/,昭島駅 540m,ケーキ,3.25,～￥999,～￥999,火曜日・水曜日、不定休(SNSにて告知)
パティスリー クレソン,https://tabelog.com/tokyo/A1317/A131711/13019596/,大岡山駅 50m,ケーキ、カフェ、パン,3.25,～￥999,-,火曜日、水曜日
パティスリーシモン,https://tabelog.com/tokyo/A1323/A132301/13098386/,本駒込駅 205m,ケーキ、チョコレート、パン,3.25,～￥999,～￥999,火、第3月（祝日を除く）
パティスリー レリアン,https://tabelog.com/tokyo/A1319/A131907/13227533/,西荻窪駅 201m,ケーキ、洋菓子（その他）,3.24,-,～￥999,不定休 
パティスリー ラ・プリュム,https://tabelog.com/tokyo/A1319/A131906/13157767/,荻窪駅 986m,ケーキ,3.24,-,￥1000～￥1999,水曜日
パティスリー アン・ドゥ 清澄白河本店,https://tabelog.com/tokyo/A1313/A131303/13206135/,清澄白河駅 679m,ケーキ,3.24,-,～￥999,不定休
パティスリーポールサンセール,https://tabelog.com/tokyo/A1314/A131402/13214531/,田町駅 359m,ケーキ,3.23,-,～￥999,毎週火曜日
パティスリー カミタニ,https://tabelog.com/tokyo/A1321/A132103/13038078/,大泉学園駅 298m,ケーキ、パン,3.23,￥2000～￥2999,～￥999,火曜日、不定休（SNSにて告知）
パティスリー ティ シャンティイ,https://tabelog.com/tokyo/A1321/A132102/13216503/,中村橋駅 47m,ケーキ、パン,3.22,￥1000～￥1999,￥2000～￥2999,不定休
Megan bar&patisserie 渋谷東急フードショー,https://tabelog.com/tokyo/A1303/A130301/13259853/,渋谷駅 259m,ケーキ,3.22,-,～￥999,週末
パティスリー プルクワ・パ?,https://tabelog.com/tokyo/A1329/A132902/13091656/,中神駅 208m,ケーキ,3.22,-,～￥999,水曜日
パティスリー テル,https://tabelog.com/tokyo/A1328/A132805/13040467/,東大和市駅 915m,ケーキ,3.22,-,～￥999,月曜・火曜
パティスリー 銀座千疋屋 東京ギフトパレット店,https://tabelog.com/tokyo/A1302/A130201/13251550/,東京駅 27m,洋菓子（その他）,3.22,-,～￥999,-
パティスリー シュエト,https://tabelog.com/tokyo/A1327/A132703/13045112/,若葉台駅 694m,ケーキ、カフェ,3.21,-,～￥999,不定休(SNSにて告知)
パティスリー&ショコラ バー デリーモ 目白店,https://tabelog.com/tokyo/A1305/A130502/13202259/,目白駅 154m,ケーキ、チョコレート、カフェ,3.2,￥1000～￥1999,￥1000～￥1999,不定休(トラッド目白に準ずる)
フェパ カフェ パティスリー,https://tabelog.com/tokyo/A1324/A132403/13239189/,京成金町駅 410m,カフェ、ケーキ,3.2,-,￥1000～￥1999,毎週月曜日＆隔週火曜日
パティスリーホソコシ,https://tabelog.com/tokyo/A1319/A131907/13230071/,西荻窪駅 606m,ケーキ、洋菓子（その他）,3.2,-,￥1000～￥1999,火曜日、水曜日（公式サイトにて告知）
パティスリー プティ トモ,https://tabelog.com/tokyo/A1309/A130905/13253674/,神楽坂駅 225m,ケーキ、カフェ,3.2,-,￥1000～￥1999,月曜(祝日の場合火曜休み)
パティスリー ラ・フィエゾン,https://tabelog.com/tokyo/A1317/A131715/13117855/,上野毛駅 36m,ケーキ,3.2,￥1000～￥1999,￥1000～￥1999,火曜
PATISSRIE BOULANGERIE ENTIER,https://tabelog.com/tokyo/A1317/A131710/13256675/,西小山駅 106m,ケーキ、パン,3.2,～￥999,～￥999,月曜日、隔週の火曜日
パティスリー ブレロ,https://tabelog.com/tokyo/A1311/A131102/13221786/,田原町駅 350m,ケーキ、カフェ,3.2,-,￥1000～￥1999,月曜日・日曜日
パティスリーリュネット,https://tabelog.com/tokyo/A1323/A132301/13210296/,駒込駅 275m,ケーキ、パン、洋菓子（その他）,3.19,-,～￥999,水曜、木曜、不定休
パティスリーデュボンタン,https://tabelog.com/tokyo/A1329/A132904/13166683/,八王子市,ケーキ、カフェ,3.19,-,～￥999,月曜日(祝祭日の場合は翌火曜日)
パティスリー タク,https://tabelog.com/tokyo/A1312/A131205/13192598/,瑞江駅 234m,ケーキ、マカロン、洋菓子（その他）,3.19,-,～￥999,水曜日
パティスリー トロワ フィーユ,https://tabelog.com/tokyo/A1324/A132404/13008643/,竹ノ塚駅 209m,ケーキ、洋菓子（その他）,3.18,～￥999,～￥999,火曜日
パティスリー マーブ 若松町店,https://tabelog.com/tokyo/A1305/A130504/13059402/,若松河田駅 208m,カフェ・喫茶（その他）、ケーキ,3.17,-,～￥999,日曜日
メゾンドパティスリー 2987,https://tabelog.com/tokyo/A1312/A131205/13130742/,船堀駅 724m,ケーキ、パン,3.17,￥1000～￥1999,～￥999,水曜日
パティスリーヤマムロ,https://tabelog.com/tokyo/A1309/A130901/13153895/,信濃町駅 394m,ケーキ,3.17,-,～￥999,水曜日
パティスリー ムッシュ エム 本店,https://tabelog.com/tokyo/A1328/A132801/13010155/,田無駅 945m,ケーキ,3.16,-,￥1000～￥1999,-
patisserie piece,https://tabelog.com/tokyo/A1316/A131602/13209642/,白金台駅 771m,ケーキ、洋菓子（その他）,3.16,-,～￥999,月曜日(祝祭日の場合は、翌日振休)
パティスリー ボン・アペティ,https://tabelog.com/tokyo/A1322/A132205/13059432/,板橋区役所前駅 378m,ケーキ、洋菓子（その他）、パン,3.16,-,～￥999,火曜日
パティスリーブーランジュリー トイトイトイ,https://tabelog.com/tokyo/A1327/A132702/13214885/,聖蹟桜ケ丘駅 229m,ケーキ、パン,3.16,￥1000～￥1999,～￥999,月曜日＋不定休
パティスリーコワン,https://tabelog.com/tokyo/A1324/A132404/13104346/,綾瀬駅 291m,ケーキ,3.16,-,～￥999,不定休
チーズ王国パティスリー ジュダン,https://tabelog.com/tokyo/A1305/A130501/13092620/,池袋駅 59m,ケーキ,3.16,￥1000～￥1999,￥4000～￥4999,-
パティスリー&ジェラート ルミナーレ,https://tabelog.com/tokyo/A1313/A131305/13229800/,西葛西駅 663m,ケーキ、アイスクリーム,3.16,～￥999,～￥999,水曜日
パティスリー ヨシカワ,https://tabelog.com/tokyo/A1317/A131712/13202036/,荏原町駅 299m,ケーキ、マカロン、洋菓子（その他）,3.16,-,～￥999,水曜日　第2・第4火曜日
カフェ ド パティスリー チャコリ,https://tabelog.com/tokyo/A1319/A131904/13243052/,高円寺駅 448m,ケーキ、カフェ,3.16,～￥999,～￥999,-
パティスリー QBG 築地本店,https://tabelog.com/tokyo/A1313/A131301/13219075/,築地市場駅 303m,ケーキ、洋菓子（その他）,3.16,～￥999,～￥999,土曜・日曜・祝日
パティスリー・ア・ラ・カンパーニュ 自由が丘店,https://tabelog.com/tokyo/A1317/A131703/13096239/,自由が丘駅 236m,ケーキ、カフェ、西洋各国料理（その他）,3.15,～￥999,￥1000～￥1999,月曜日（祝日の場合は翌日）
パティスリー モンシェール 東武百貨店池袋店,https://tabelog.com/tokyo/A1305/A130501/13141847/,池袋駅 66m,ケーキ,3.15,￥2000～￥2999,￥1000～￥1999,池袋東武に準ずる
Patisserie Chocolaterie Recit,https://tabelog.com/tokyo/A1318/A131803/13266860/,東松原駅 156m,洋菓子（その他）,3.15,￥3000～￥3999,￥1000～￥1999,月曜日、不定休あり
パティスリーポワソン,https://tabelog.com/tokyo/A1318/A131814/13162989/,喜多見駅 301m,ケーキ,3.15,～￥999,～￥999,不定休
パティスリー シフォン,https://tabelog.com/tokyo/A1324/A132404/13121360/,五反野駅 180m,ケーキ,3.15,-,￥1000～￥1999,水曜、第一・三木曜
パティスリー ルナール,https://tabelog.com/tokyo/A1322/A132202/13009935/,氷川台駅 322m,ケーキ,3.15,～￥999,～￥999,水曜日・第３木曜日
パティスリー・アグレアブル,https://tabelog.com/tokyo/A1318/A131801/13090767/,池ノ上駅 606m,ケーキ,3.15,-,～￥999,水曜日
パティスリー GIN NO MORI,https://tabelog.com/tokyo/A1301/A130101/13257723/,銀座駅 221m,洋菓子（その他）,3.15,-,￥2000～￥2999,無休
パティスリー ガルガンチュワ,https://tabelog.com/tokyo/A1301/A130102/13267096/,日比谷駅 267m,ケーキ、チョコレート、マカロン,3.15,-,￥2000～￥2999,-
パティスリー モンシェール 小田急新宿店,https://tabelog.com/tokyo/A1304/A130401/13200858/,新宿駅 82m,ケーキ、洋菓子（その他）,3.15,～￥999,￥1000～￥1999,-
Patisserie Boulangerie Les Alternatives,https://tabelog.com/tokyo/A1325/A132501/13268302/,東小金井駅 374m,ケーキ、パン,3.15,￥2000～￥2999,￥6000～￥7999,-
パティスリー　ダイヤモンド,https://tabelog.com/tokyo/A1318/A131808/13056059/,笹塚駅 330m,ケーキ,3.14,-,～￥999,不定休
ナチュラル カフェ&パティスリー ティーフル,https://tabelog.com/tokyo/A1317/A131711/13224785/,大岡山駅 396m,ケーキ,3.14,-,～￥999,火曜日、不定休 ※公式サイトに営業日カレンダーあり
パティスリー バニャバニャ,https://tabelog.com/tokyo/A1313/A131302/13185950/,月島駅 94m,ケーキ、アイスクリーム,3.14,～￥999,￥1000～￥1999,無休・2021/8/23～8/27は夏季休業
パティスリー ミシェル,https://tabelog.com/tokyo/A1330/A133002/13055619/,青梅市,ケーキ,3.14,～￥999,～￥999,水曜日
ラ・パティスリー・ドゥ・ナツ,https://tabelog.com/tokyo/A1311/A131102/13141221/,浅草（つくばＥＸＰ）駅 603m,ケーキ,3.14,～￥999,～￥999,月曜日・火曜日、不定休
パティスリー　アンジュ,https://tabelog.com/tokyo/A1329/A132902/13094073/,中神駅 195m,ケーキ,3.14,～￥999,～￥999,-
パティスリープウポン,https://tabelog.com/tokyo/A1317/A131710/13116562/,西小山駅 117m,ケーキ,3.14,-,～￥999,月曜日（祝日の場合は翌日休み）
パティスリー･ナガキタ,https://tabelog.com/tokyo/A1312/A131205/13057329/,瑞江駅 426m,ケーキ,3.13,-,～￥999,不定休
ラ・メゾン アンソレイユターブル パティスリー ルミネ荻窪店,https://tabelog.com/tokyo/A1319/A131906/13213634/,荻窪駅 20m,ケーキ,3.13,-,￥1000～￥1999,-
パティスリー ハルミエール,https://tabelog.com/tokyo/A1329/A132901/13239621/,立川市,ケーキ、洋菓子（その他）,3.13,-,￥1000～￥1999,月曜日(月曜日が祝日の場合は営業)、不定休(主に火曜日...
パティスリー ジンケ,https://tabelog.com/tokyo/A1329/A132901/13244116/,立川南駅 266m,ケーキ、洋菓子（その他）,3.13,～￥999,～￥999,月曜日、火曜日（ホームページに営業カレンダーあり）
パティスリー ふじの木,https://tabelog.com/tokyo/A1321/A132104/13242573/,都立家政駅 31m,ケーキ、洋菓子（その他）,3.13,￥1000～￥1999,￥1000～￥1999,水曜日定休＋不定休
パティスリーハルキ 平尾店,https://tabelog.com/tokyo/A1327/A132703/13196444/,稲城市,ケーキ、洋菓子（その他）,3.13,-,～￥999,水曜日
パティスリー エ カフェ ア・ラ・カンパーニュ 秋葉原店,https://tabelog.com/tokyo/A1310/A131001/13119480/,秋葉原駅 113m,カフェ、ケーキ,3.12,￥1000～￥1999,￥1000～￥1999,アトレ秋葉原１に準ずる
パティスリー カシュカシュ,https://tabelog.com/tokyo/A1321/A132103/13132226/,石神井公園駅 393m,ケーキ、チョコレート,3.12,～￥999,～￥999,無休
パティスリー ムッシュ エム 田無駅前 アスタ店,https://tabelog.com/tokyo/A1328/A132801/13010146/,田無駅 155m,ケーキ,3.12,-,￥1000～￥1999,-
パティスリーフラワー 東京三軒茶屋店,https://tabelog.com/tokyo/A1317/A131706/13200256/,三軒茶屋駅 112m,ケーキ,3.12,-,￥1000～￥1999,不定休
パティスリー ペルス ネージュ,https://tabelog.com/tokyo/A1327/A132702/13142708/,唐木田駅 431m,ケーキ,3.12,-,￥2000～￥2999,第1、第3水曜日
Patisserie SUCREPERE ココリア多摩センター店,https://tabelog.com/tokyo/A1327/A132702/13256780/,多摩センター駅 249m,ケーキ,3.12,￥1000～￥1999,～￥999,-
ラ・メゾン アンソレイユターブル パティスリー ルミネ北千住店,https://tabelog.com/tokyo/A1324/A132402/13097395/,北千住駅 95m,ケーキ,3.11,～￥999,～￥999,不定休
パティスリーオダ,https://tabelog.com/tokyo/A1319/A131902/13006257/,中野駅 351m,ケーキ、パン,3.11,-,￥1000～￥1999,水曜日のみ営業
パティスリー パスカル 本店,https://tabelog.com/tokyo/A1312/A131204/13140747/,江戸川区,カフェ、ケーキ,3.11,-,～￥999,不定休
ぶどうの木パティスリーコーナー,https://tabelog.com/tokyo/A1301/A130102/13181344/,銀座駅 76m,ケーキ,3.11,-,￥1000～￥1999,無休
パティスリー セゾンドフォレ,https://tabelog.com/tokyo/A1330/A133001/13201201/,秋川駅 359m,ケーキ,3.1,-,￥1000～￥1999,水曜日(※水曜日が祝日の場合は翌日休み、その他臨時休業あり)
パティスリー テロワール,https://tabelog.com/tokyo/A1330/A133003/13179170/,青梅市,ケーキ,3.1,-,～￥999,木曜日
パティスリー アクイーユ 恵比寿店,https://tabelog.com/tokyo/A1303/A130302/13237237/,代官山駅 302m,ケーキ、洋菓子（その他）,3.09,￥1000～￥1999,￥1000～￥1999,無休
パティスリーマルズ,https://tabelog.com/tokyo/A1311/A131103/13253359/,浅草橋駅 398m,ケーキ、洋菓子（その他）,3.09,-,～￥999,-
パティスリーきたしま亭,https://tabelog.com/tokyo/A1324/A132404/13114889/,足立区,ケーキ,3.09,-,～￥999,火曜日
パティスリー アンポルテ,https://tabelog.com/tokyo/A1318/A131803/13129779/,東松原駅 287m,ケーキ,3.09,-,～￥999,水曜日、第二木曜日 
パティスリー・コハル,https://tabelog.com/tokyo/A1312/A131205/13160111/,船堀駅 271m,ケーキ、洋菓子（その他）,3.09,～￥999,～￥999,月曜日(祝日の際は翌火曜日)
パティスリー　ミルメルシーズ,https://tabelog.com/tokyo/A1312/A131202/13056839/,小村井駅 185m,ケーキ,3.09,-,￥1000～￥1999,火曜日（祝祭日は営業）
パティスリーメゾン めじろ台店,https://tabelog.com/tokyo/A1329/A132904/13024366/,めじろ台駅 482m,ケーキ,3.09,-,￥4000～￥4999,火曜日
パティスリーサブール,https://tabelog.com/tokyo/A1312/A131202/13097466/,江東区,ケーキ、洋菓子（その他）,3.09,-,～￥999,水曜日・木曜日
パティスリー クール＆ハート,https://tabelog.com/tokyo/A1327/A132701/13190362/,町田市,ケーキ,3.09,-,～￥999,水曜日(臨時休業有り)
パティスリー ベル・エキップ,https://tabelog.com/tokyo/A1324/A132403/13177470/,京成高砂駅 297m,ケーキ,3.09,￥1000～￥1999,￥1000～￥1999,火曜・水曜・他定休日
パティスリー レジュニール,https://tabelog.com/tokyo/A1328/A132804/13242745/,花小金井駅 285m,ケーキ、チョコレート、洋菓子（その他）,3.09,￥1000～￥1999,￥1000～￥1999,水曜日、木曜日
パティスリーカメリア銀座 渋谷東急フードショー店,https://tabelog.com/tokyo/A1303/A130301/13260538/,渋谷駅 259m,ケーキ、マカロン,3.08,～￥999,～￥999,-
パティスリー プレジレイル,https://tabelog.com/tokyo/A1321/A132101/13247083/,椎名町駅 396m,ケーキ,3.08,-,～￥999,月曜日、日曜日
パティスリー アン・ドゥ 錦糸町テルミナ店,https://tabelog.com/tokyo/A1312/A131201/13208217/,錦糸町駅 57m,ケーキ、洋菓子（その他）,3.08,￥2000～￥2999,￥1000～￥1999,錦糸町テルミナ1に準ずる
パティスリー ジャルダン ヴェール,https://tabelog.com/tokyo/A1328/A132801/13210492/,ひばりケ丘駅 288m,ケーキ、洋菓子（その他）,3.08,～￥999,～￥999,水曜日
パティスリー プー ア プー,https://tabelog.com/tokyo/A1329/A132903/13158070/,豊田駅 346m,ケーキ,3.08,-,～￥999,日・月・火
パティスリーフランセーズ ミフネ,https://tabelog.com/tokyo/A1323/A132302/13107611/,向原駅 319m,パン、洋菓子（その他）、ケーキ,3.08,-,～￥999,-
パティスリー木花,https://tabelog.com/tokyo/A1321/A132101/13130698/,椎名町駅 280m,ケーキ,3.08,￥1000～￥1999,-,火曜日、第3水曜日
パティスリー ムッシュ エム 田無駅前 MILK店,https://tabelog.com/tokyo/A1328/A132801/13061588/,田無駅 134m,洋菓子（その他）、アイスクリーム,3.08,～￥999,-,無休(アスタに準ずる)
patisserie J'ouvre,https://tabelog.com/tokyo/A1301/A130101/13270328/,銀座駅 138m,ケーキ,3.07,-,～￥999,施設に準ずる
パティスリー・アン・フォンド・ソレイユ 青戸店,https://tabelog.com/tokyo/A1324/A132403/13199189/,青砥駅 83m,ケーキ、洋菓子（その他）,3.07,-,～￥999,水曜日
パティスリー ハスミ,https://tabelog.com/tokyo/A1321/A132101/13247905/,椎名町駅 201m,ケーキ、洋菓子（その他）,3.07,-,～￥999,水曜日、不定休
パティスリー プリマヴェーラ,https://tabelog.com/tokyo/A1323/A132305/13246842/,浮間舟渡駅 187m,ケーキ、ソフトクリーム、マカロン,3.07,￥1000～￥1999,～￥999,月曜日、火曜日(月曜火曜が祝日･休日の場合はお休みが前...
パティスリー ジェント,https://tabelog.com/tokyo/A1312/A131204/13224362/,小岩駅 255m,ケーキ,3.07,～￥999,～￥999,月曜日
パティスリー パブロフ,https://tabelog.com/tokyo/A1307/A130701/13246172/,六本木駅 137m,ケーキ,3.07,-,～￥999,-
パティスリーレシャス,https://tabelog.com/tokyo/A1328/A132806/13212188/,八坂駅 108m,ケーキ,3.06,-,～￥999,月曜日
パティスリーツナグ,https://tabelog.com/tokyo/A1329/A132901/13225984/,立川北駅 718m,ケーキ,3.06,-,～￥999,月曜日
パティスリー・フォルミダーブル,https://tabelog.com/tokyo/A1327/A132701/13163349/,町田市,ケーキ,3.06,-,～￥999,木曜日
パティスリー ミィー,https://tabelog.com/tokyo/A1312/A131204/13240961/,江戸川駅 207m,ケーキ、マカロン、洋菓子（その他）,3.06,-,～￥999,月曜日、火曜日
パティスリーマノ,https://tabelog.com/tokyo/A1317/A131714/13135376/,蓮沼駅 969m,ケーキ,3.06,-,～￥999,水曜日
パティスリー 銀座千疋屋,https://tabelog.com/tokyo/A1323/A132305/13198785/,赤羽駅 26m,スイーツ（その他）、ケーキ,3.05,～￥999,～￥999,-
ラ・メゾン アンソレイユターブル パティスリー エキュート赤羽店,https://tabelog.com/tokyo/A1323/A132305/13160898/,赤羽駅 23m,ケーキ,3.05,￥1000～￥1999,-,不定休(エキュート赤羽に準ずる)
パティスリー モンシェール 阪急大井食品館店,https://tabelog.com/tokyo/A1315/A131501/13123948/,大井町駅 203m,スイーツ（その他）、ケーキ,3.05,-,￥3000～￥3999,-
ラ・メゾン・アンソレイユ・ターブルパティスリー 有楽町イトシア店,https://tabelog.com/tokyo/A1301/A130102/13189857/,有楽町駅 118m,ケーキ,3.05,-,～￥999,不定休
ラ・メゾン アンソレイユターブル パティスリー ルミネ立川店,https://tabelog.com/tokyo/A1329/A132901/13079205/,立川駅 63m,ケーキ,3.05,-,￥1000～￥1999,不定休
パティスリー ハーモニカ,https://tabelog.com/tokyo/A1319/A131905/13235682/,南阿佐ケ谷駅 166m,ケーキ,3.05,～￥999,￥1000～￥1999,水曜日、木曜日
ラ・メゾン アンソレイユターブル パティスリー グランベリーパーク店,https://tabelog.com/tokyo/A1327/A132701/13241711/,南町田グランベリーパーク駅 270m,ケーキ,3.05,-,￥1000～￥1999,無休
パティスリー・コウゲツ,https://tabelog.com/tokyo/A1315/A131503/13212110/,雑色駅 310m,ケーキ,3.05,-,￥1000～￥1999,日曜日
パティスリーキハチ,https://tabelog.com/tokyo/A1302/A130202/13187815/,日本橋駅 185m,洋菓子（その他）,3.05,-,￥2000～￥2999,不定休(日本橋タカシマヤに準ずる)
パティスリー インフィニティ,https://tabelog.com/tokyo/A1327/A132701/13207942/,玉川学園前駅 275m,ケーキ,3.05,-,～￥999,木曜日
パティスリー シェルブール,https://tabelog.com/tokyo/A1328/A132806/13195849/,東村山市,ケーキ,3.05,～￥999,～￥999,無休
パティスリー　ル・ソレイユ,https://tabelog.com/tokyo/A1327/A132701/13183020/,町田市,洋菓子（その他）,3.05,-,～￥999,火曜日
パティスリー le. Egao,https://tabelog.com/tokyo/A1315/A131504/13262339/,糀谷駅 73m,ケーキ,3.05,-,-,火曜日
パティスリー ル シャトー,https://tabelog.com/tokyo/A1328/A132805/13244644/,東大和市駅 686m,ケーキ、洋菓子（その他）,3.05,-,～￥999,月曜日
Patisserie Corte,https://tabelog.com/tokyo/A1322/A132205/13266432/,西台駅 235m,ケーキ,3.05,-,～￥999,月曜日
ラ・メゾン アンソレイユターブル パティスリー セレオ八王子店,https://tabelog.com/tokyo/A1329/A132904/13148942/,八王子駅 64m,ケーキ,3.04,-,￥1000～￥1999,不定休(セレオ八王子に準ずる)
ラ・メゾン アンソレイユターブル パティスリー 上野マルイ店,https://tabelog.com/tokyo/A1311/A131101/13261690/,京成上野駅 230m,ケーキ,3.04,-,￥1000～￥1999,-
ラ・メゾン アンソレイユターブル パティスリー 錦糸町テルミナ店,https://tabelog.com/tokyo/A1312/A131201/13241302/,錦糸町駅 51m,ケーキ,3.04,～￥999,～￥999,無休
パティスリー アンド カフェ ラ ノブティック シー,https://tabelog.com/tokyo/A1322/A132204/13221112/,下赤塚駅 240m,ケーキ、カフェ,3.04,-,～￥999,第2火曜日・水曜日
パティスリー ディンゴ,https://tabelog.com/tokyo/A1312/A131204/13246725/,新小岩駅 503m,ケーキ、パン,3.04,-,-,-
パティスリー ラ クロシェット,https://tabelog.com/tokyo/A1328/A132803/13242875/,秋津駅 913m,ケーキ,3.04,-,～￥999,木曜日
パティスリー ピネード 有明ガーデンシティ店,https://tabelog.com/tokyo/A1313/A131306/13247453/,有明テニスの森駅 400m,ケーキ、洋菓子（その他）,3.03,～￥999,～￥999,無休
パティスリートミリエ,https://tabelog.com/tokyo/A1329/A132904/13164775/,西八王子駅 147m,ケーキ、パン,3.03,-,～￥999,木曜日
パティスリー キハチ 東京ソラマチ店,https://tabelog.com/tokyo/A1312/A131203/13243062/,とうきょうスカイツリー駅 148m,洋菓子（その他）、スイーツ（その他）,3.03,-,～￥999,-
パティスリーmaru's 錦糸町店,https://tabelog.com/tokyo/A1312/A131201/13272099/,錦糸町駅 677m,ケーキ,3.03,-,～￥999,水曜日
パティスリー アトリエ レヴ・ドゥ・ラパン,https://tabelog.com/tokyo/A1322/A132205/13265844/,板橋区,ケーキ,3.03,～￥999,～￥999,-
氷と宝石のパティスリー リリアンキュキュ,https://tabelog.com/tokyo/A1311/A131101/13259729/,末広町駅 254m,カフェ・喫茶（その他）,3.03,-,￥1000～￥1999,-
パティスリーキハチ 西武渋谷店,https://tabelog.com/tokyo/A1303/A130301/13208164/,渋谷駅 224m,ケーキ、洋菓子（その他）,3.02,～￥999,￥2000～￥2999,西武渋谷店に準ずる
パティスリー ル ソレイユ,https://tabelog.com/tokyo/A1329/A132905/13227490/,八王子市,ケーキ、洋菓子（その他）,3.02,～￥999,～￥999,火曜・水曜
パティスリー メゾン 3110,https://tabelog.com/tokyo/A1312/A131202/13240985/,東大島駅 756m,ケーキ、パン、洋菓子（その他）,3.02,-,～￥999,-
パティスリー プランドル,https://tabelog.com/tokyo/A1330/A133002/13239041/,牛浜駅 55m,ケーキ,3.02,-,～￥999,火曜日、水曜日
パティスリーモード 伊勢丹立川店,https://tabelog.com/tokyo/A1329/A132901/13231250/,立川北駅 38m,ケーキ、洋菓子（その他）,3.02,～￥999,～￥999,-
パティスリー デリーモ ららぽーと豊洲店,https://tabelog.com/tokyo/A1313/A131307/13245853/,豊洲駅 319m,カフェ、洋菓子（その他）,3.01,￥1000～￥1999,￥1000～￥1999,無休
パティスリー カシュカシュ ひばりヶ丘店,https://tabelog.com/tokyo/A1328/A132801/13240859/,ひばりケ丘駅 798m,ケーキ、洋菓子（その他）,3.01,-,～￥999,-
パティスリー ア・ラ・カンパーニュ 東武池袋店,https://tabelog.com/tokyo/A1305/A130501/13266303/,池袋駅 79m,ケーキ、洋菓子（その他）,3.01,～￥999,-,-
パティスリー エ カフェ ア・ラ・カンパーニュ セレオ国分寺店,https://tabelog.com/tokyo/A1325/A132502/13258125/,国分寺駅 67m,カフェ、ケーキ,3.01,￥1000～￥1999,￥1000～￥1999,-
パティスリー ファボス,https://tabelog.com/tokyo/A1320/A132003/13253755/,武蔵境駅 700m,洋菓子（その他）、ケーキ,3.01,-,￥3000～￥3999,-
patisserie OKASHI GAKU 押上,https://tabelog.com/tokyo/A1312/A131203/13266948/,押上駅 299m,ケーキ,3,-,-,-
パティスリー エス スドウ,https://tabelog.com/tokyo/A1318/A131806/13246533/,三鷹台駅 909m,ケーキ、洋菓子（その他）,3,-,-,月曜日、日曜日、土曜日不定休
パティスリー カリン,https://tabelog.com/tokyo/A1302/A130203/13268956/,八丁堀駅 238m,ケーキ,3,-,￥1000～￥1999,日曜日、臨時休業あり
PATISSERIE LAYERS,https://tabelog.com/tokyo/A1321/A132104/13257118/,都立家政駅 80m,洋菓子（その他）,3,-,～￥999,月曜・火曜・日曜
パティスリー・ジューンベリー,https://tabelog.com/tokyo/A1327/A132701/13181455/,町田市,ケーキ、カフェ,3,～￥999,-,月曜日・第2火曜日・第4火曜日
Patisserie Swallowtail Maji Crepe 巣鴨,https://tabelog.com/tokyo/A1323/A132301/13271019/,巣鴨駅 435m,クレープ、ケーキ,3,￥1000～￥1999,￥1000～￥1999,-
PATISSERIE DU CHEF FUJIU 多摩平店,https://tabelog.com/tokyo/A1329/A132903/13267823/,豊田駅 295m,ケーキ,3,-,-,-
パティスリー モン・プレジール 東大和店,https://tabelog.com/tokyo/A1328/A132805/13182145/,桜街道駅 731m,ケーキ、マカロン,3,-,-,不定休(ザ・マーケットプレイス東大和店に準ずる)
Kogasaka Bake PATISSERIE&BAKERY 鶴川店,https://tabelog.com/tokyo/A1327/A132701/13270335/,鶴川駅 65m,パン、ケーキ、洋菓子（その他）,3,-,～￥999,無休
patisserie KIHACHI 東京ギフトパレット,https://tabelog.com/tokyo/A1302/A130201/13262313/,東京駅 159m,ケーキ、洋菓子（その他）,3,-,-,無休
パティスリー エ カフェ ア・ラ・カンパーニュ ルミネ立川,https://tabelog.com/tokyo/A1329/A132901/13274691/,立川駅 54m,カフェ,-,-,￥2000～￥2999,-
ラ・プティ・パティスリー・カオリ,https://tabelog.com/tokyo/A1326/A132601/13247583/,仙川駅 530m,洋菓子（その他）、パン,-,～￥999,～￥999,-
pâtisserie J'ouvre カメイドクロック店,https://tabelog.com/tokyo/A1312/A131202/13271182/,亀戸駅 268m,ケーキ,-,-,-,-
Patisserie Les gets,https://tabelog.com/tokyo/A1326/A132603/13264920/,和泉多摩川駅 838m,ケーキ,-,-,-,月曜日、火曜日、水曜日、木曜日、金曜日
パティスリー ピネード 南町田グランベリーパーク店,https://tabelog.com/tokyo/A1327/A132701/13261663/,南町田グランベリーパーク駅 274m,ケーキ、洋菓子（その他）,-,-,-,不定休(南町田グランベリーパークに準ずる)
パティスリー スワロウテイル,https://tabelog.com/tokyo/A1323/A132302/13166473/,向原駅 255m,洋菓子（その他）,-,-,-,-
パティスリー Toi et Moi,https://tabelog.com/tokyo/A1330/A133001/13037051/,あきる野市,ケーキ,-,-,-,火曜日
La petite patisserie de Mirayne,https://tabelog.com/tokyo/A1318/A131811/13108785/,代々木上原駅 363m,スイーツ（その他）、ケーキ、洋菓子（その他）,3.52,-,￥4000～￥4999,日・月
VIRON 丸の内店,https://tabelog.com/tokyo/A1302/A130201/13043904/,東京駅 320m,パン、ケーキ、カフェ,3.81,￥1000～￥1999,-,不定休（東京ビルＴＯＫＩＡに準ずる）
関口フランスパン パティスリーダノワーズ店,https://tabelog.com/tokyo/A1309/A130905/13004117/,江戸川橋駅 123m,パン、カフェ、サンドイッチ,3.63,-,～￥999,１２／３０～１／４
PARADIS 小石川本店,https://tabelog.com/tokyo/A1310/A131004/13116403/,春日駅 576m,カフェ、ケーキ,3.63,～￥999,￥1000～￥1999,無休　（年末年始など臨時休業あり）
PÂTISSERIE DOUNEL,https://tabelog.com/tokyo/A1328/A132804/13103568/,花小金井駅 734m,ケーキ、アイスクリーム,3.53,～￥999,～￥999,年中無休
ラ・メゾン アンソレイユターブル パティスリー恵比寿,https://tabelog.com/tokyo/A1303/A130302/13219483/,恵比寿駅 16m,ケーキ,3.28,￥1000～￥1999,￥1000～￥1999,-
ぱてぃすりーど・あん,https://tabelog.com/tokyo/A1326/A132601/13023398/,西調布駅 473m,ケーキ、チョコレート,3.17,-,～￥999,木曜日、第1・3水曜日
ニース洋菓子店,https://tabelog.com/tokyo/A1322/A132201/13204133/,西巣鴨駅 442m,ケーキ,3.07,-,￥1000～￥1999,火曜日
フランス菓子 ル リス,https://tabelog.com/tokyo/A1320/A132001/13101797/,三鷹市,ケーキ、チョコレート、パン,3.61,～￥999,～￥999,月曜・火曜
PATISSERIE 栞杏1928,https://tabelog.com/tokyo/A1316/A131601/13223401/,目黒駅 316m,ケーキ、チョコレート,3.34,￥1000～￥1999,￥2000～￥2999,不定休
Patisserie Snow Man,https://tabelog.com/tokyo/A1327/A132701/13274658/,玉川学園前駅 76m,ケーキ、洋菓子（その他）、バームクーヘン,-,-,～￥999,-
パティスリー コテ デュ ボワ,https://tabelog.com/tokyo/A1320/A132001/13049459/,三鷹市,ケーキ、カフェ,3.7,-,～￥999,火曜日
パティスリーキハチ トウキョウミタス店,https://tabelog.com/tokyo/A1302/A130201/13209230/,東京駅 163m,洋菓子（その他）,3.23,￥1000～￥1999,￥2000～￥2999,トウキョウミタスに準ずる
パティスリー・ラ・バランス銀座,https://tabelog.com/tokyo/A1301/A130101/13121493/,銀座駅 357m,ケーキ、チョコレート,3.2,￥2000～￥2999,￥1000～￥1999,土日祝
パティスリー　バナナや,https://tabelog.com/tokyo/A1318/A131812/13053760/,世田谷代田駅 541m,ケーキ,3.17,～￥999,～￥999,-
ラ・メゾン アンソレイユターブル パティスリー ウィング高輪EAST店,https://tabelog.com/tokyo/A1316/A131603/13195494/,品川駅 65m,ケーキ,3.09,～￥999,￥3000～￥3999,不定休
パティスリー ドゥ ラベイユ,https://tabelog.com/tokyo/A1319/A131906/13221566/,荻窪駅 279m,ケーキ、洋菓子（その他）,3.09,-,￥1000～￥1999,-
パティスリー ハナシロ,https://tabelog.com/tokyo/A1323/A132304/13188378/,東十条駅 345m,ケーキ、マカロン,3.06,-,～￥999,不定休
パティスリークィーン・アリス 羽田空港店,https://tabelog.com/tokyo/A1315/A131504/13104003/,羽田空港第２ターミナル（東京モノレール）駅 158m,ケーキ,3.06,-,￥1000～￥1999,-
パティスリーシェフ アトレ亀戸店,https://tabelog.com/tokyo/A1312/A131202/13109350/,亀戸駅 103m,洋菓子（その他）,3.05,-,～￥999,無休
パティスリーQBG TOKYO STATION limited edition,https://tabelog.com/tokyo/A1302/A130201/13193829/,東京駅 96m,ケーキ,3.03,-,-,無休
パティスリー ルプティポ,https://tabelog.com/tokyo/A1321/A132101/13171677/,東長崎駅 676m,ケーキ、パン,3.03,-,-,月曜日(月曜日が祝日の場合は営業。翌火曜日に休業します...
パティスリークローバー パルコ調布店,https://tabelog.com/tokyo/A1326/A132601/13138585/,調布駅 160m,洋菓子（その他）,3,-,￥1000～￥1999,年中無休
パティスリープルーム TOKYO Me+店,https://tabelog.com/tokyo/A1302/A130201/13202097/,東京駅 96m,洋菓子（その他）、ドーナツ,-,-,-,無休
BAR&PATISSERIE Megan,https://tabelog.com/tokyo/A1303/A130301/13225125/,代官山駅 661m,カフェ、バー、スイーツ（その他）,3.36,￥2000～￥2999,￥1000～￥1999,なし
patisserie le-333,https://tabelog.com/tokyo/A1307/A130703/13238427/,広尾駅 140m,ケーキ、パフェ、カフェ,3.23,～￥999,～￥999,無し
パティスリー・ルミュー,https://tabelog.com/tokyo/A1326/A132601/13005970/,つつじケ丘駅 62m,ケーキ、カフェ,3.63,～￥999,～￥999,水曜日
リムヴェール パティスリー カフェ,https://tabelog.com/tokyo/A1318/A131814/13182857/,祖師ケ谷大蔵駅 86m,ケーキ、カフェ,3.62,￥1000～￥1999,￥1000～￥1999,不定休
パティスリー キハチ 羽田空港第2ターミナル店,https://tabelog.com/tokyo/A1315/A131504/13024619/,羽田空港第２ターミナル（東京モノレール）駅 78m,ケーキ、アイスクリーム,3.56,～￥999,～￥999,無休
パティスリー・アラカンパーニュ 池袋店,https://tabelog.com/tokyo/A1305/A130501/13116092/,池袋駅 373m,カフェ、フレンチ、ケーキ,3.54,￥1000～￥1999,￥1000～￥1999,池袋マルイに準ずる
パティスリー キハチ 羽田空港第１ターミナル店,https://tabelog.com/tokyo/A1315/A131504/13047484/,羽田空港第１ターミナル（東京モノレール）駅 99m,洋菓子（その他）、ソフトクリーム,3.47,～￥999,～￥999,第1旅客ターミナルマーケットプレイスに準ずる
ブーランジェリー・パティスリー・クリスタ,https://tabelog.com/tokyo/A1308/A130803/13213475/,麹町駅 177m,パン、サンドイッチ、ケーキ,3.33,～￥999,～￥999,土日祝
パティスリー・ユイ,https://tabelog.com/tokyo/A1313/A131301/13095645/,新富町駅 354m,洋菓子（その他）,3.32,-,～￥999,日曜日
パティスリー・キハチ 東武百貨店池袋店,https://tabelog.com/tokyo/A1305/A130501/13198535/,池袋駅 61m,ケーキ、洋菓子（その他）,3.24,～￥999,～￥999,不定休(東武百貨店池袋店に準ずる)
パティスリーヴィヴィエンヌ,https://tabelog.com/tokyo/A1329/A132904/13138145/,八王子駅 216m,ケーキ、洋菓子（その他）,3.2,-,～￥999,無休　（東急スクウェアの営業日に準じます）
パティスリー ジャン・ミエ 玉川高島屋S・C店,https://tabelog.com/tokyo/A1317/A131708/13008144/,二子玉川駅 278m,ケーキ,3.15,￥1000～￥1999,￥1000～￥1999,不定休（高島屋に準ずる）
パティスリー ウフ 桜台,https://tabelog.com/tokyo/A1321/A132101/13240055/,桜台駅 118m,ケーキ,3.12,-,～￥999,木曜日・金曜日・土曜日
パティスリーモア,https://tabelog.com/tokyo/A1317/A131714/13224830/,雪が谷大塚駅 150m,ケーキ、洋菓子（その他）,3.11,-,～￥999,不定休(SNSにて告知。日曜日が休みの場合もあり)
パティスリー スワロウテイル マジ クレープ,https://tabelog.com/tokyo/A1305/A130501/13242668/,池袋駅 399m,クレープ,3.09,～￥999,～￥999,-
デルレイ銀座 パティスリー,https://tabelog.com/tokyo/A1301/A130101/13229508/,銀座駅 201m,ケーキ、チョコレート、マカロン,3.08,～￥999,～￥999,年末年始
パティスリー・タァイ アトレ大井町店,https://tabelog.com/tokyo/A1315/A131501/13113647/,大井町駅 143m,ケーキ,3.07,-,～￥999,不定休（アトレに準ずる）
パティスリー ストラスブール+ビー 多摩センター店,https://tabelog.com/tokyo/A1327/A132702/13251945/,小田急多摩センター駅 12m,ケーキ,3.06,～￥999,～￥999,不定休
パティスリー・スワロウテイル 東急ハンズ池袋店出張所,https://tabelog.com/tokyo/A1305/A130501/13202172/,東池袋駅 470m,ケーキ,3.05,～￥999,￥1000～￥1999,-
パティスリー ムッシュ エム 瑞穂店,https://tabelog.com/tokyo/A1329/A132901/13061589/,西多摩郡瑞穂町,ケーキ,3.05,-,～￥999,-
パティスリー ジュンウジタ 二子玉川店,https://tabelog.com/tokyo/A1317/A131708/13247809/,二子玉川駅 434m,ケーキ,3.04,-,￥2000～￥2999,-
パティスリー銀座千疋屋 銀座SIX店,https://tabelog.com/tokyo/A1301/A130101/13207678/,銀座駅 215m,洋菓子（その他）,3.03,-,￥1000～￥1999,-
パティスリー カメリア 銀座 新宿伊勢丹店,https://tabelog.com/tokyo/A1304/A130401/13257677/,新宿三丁目駅 59m,ケーキ,3,-,-,-
パティスリー・サダハル・アオキ・パリ 銀座三越,https://tabelog.com/tokyo/A1301/A130101/13247634/,銀座駅 154m,マカロン、洋菓子（その他）,3,-,～￥999,銀座三越に準ずる
パティスリー デリーモ 新宿伊勢丹店,https://tabelog.com/tokyo/A1304/A130401/13249706/,新宿三丁目駅 59m,ケーキ,3,～￥999,～￥999,施設に準ずる
パティスリーグランタミア,https://tabelog.com/tokyo/A1329/A132901/13227432/,立飛駅 815m,ケーキ,-,-,-,水曜日・毎月最終火曜日
patisserie amehare,https://tabelog.com/tokyo/A1317/A131709/13267230/,若林駅 339m,ケーキ、洋菓子（その他）、スイーツ（その他）,-,-,-,-
パティスリー デリーモ ルミネ立川店,https://tabelog.com/tokyo/A1329/A132901/13222316/,立川駅 33m,ケーキ、チョコレート、洋菓子（その他）,-,-,-,ルミネ立川店に準ずる