name,subname,url,holiday,nearest,genre,price_dinner,price_lunch,star,address,tel,reviews,bookmarks,menu_url,photo_out,photo_in
パティスリー ｈ,（パティスリー　アッシュ）,https://tabelog.com/osaka/A2705/A270501/27043761/,水曜日(祝日の場合翌日)、不定休(SNSにて告知),深井駅,ケーキ,￥2000～￥2999,～￥999,3.29,大阪府 堺市中区深井沢町3395 フェリス深井沢101,072-278-5220,28,442,https://tabelog.com/osaka/A2705/A270501/27043761/dtlmenu,https://tabelog.com/osaka/A2705/A270501/27043761/dtlphotolst/3/smp2,https://tabelog.com/osaka/A2705/A270501/27043761/dtlphotolst/4/smp2
レストラン パティスリー ジェイエス,（Restaurant et Patisserie js）,https://tabelog.com/osaka/A2701/A270108/27100580/,月,新福島駅,フレンチ ビストロ 洋菓子（その他）,￥10000～￥14999,￥10000～￥14999,3.75,大阪府 大阪市福島区福島2-2-8 ,06-7172-0342,20,3782,https://tabelog.com/osaka/A2701/A270108/27100580/dtlmenu,https://tabelog.com/osaka/A2701/A270108/27100580/dtlphotolst/3/smp2,https://tabelog.com/osaka/A2701/A270108/27100580/dtlphotolst/4/smp2
パティスリー ショコラトリー オーディネール,,https://tabelog.com/osaka/A2701/A270201/27076593/,木曜日(水曜日に臨時休業することもあり)　Facebookで要確認,桜川駅,ケーキ チョコレート カフェ・喫茶（その他）,￥2000～￥2999,～￥999,3.72,大阪府 大阪市西区南堀江2-4-16 ファヴール南堀江 1F,06-6541-4747,244,24456,https://tabelog.com/osaka/A2701/A270201/27076593/dtlmenu,https://tabelog.com/osaka/A2701/A270201/27076593/dtlphotolst/3/smp2,https://tabelog.com/osaka/A2701/A270201/27076593/dtlphotolst/4/smp2
パティスリー・ラ プラージュ,（Patisserie La Plage）,https://tabelog.com/osaka/A2701/A270104/27003644/,2021年5月から定休日を日曜日に変更,谷町四丁目駅,ケーキ,～￥999,～￥999,3.69,大阪府 大阪市中央区北新町3-7 1F,06-6949-3938,218,8189,https://tabelog.com/osaka/A2701/A270104/27003644/dtlmenu,https://tabelog.com/osaka/A2701/A270104/27003644/dtlphotolst/3/smp2,https://tabelog.com/osaka/A2701/A270104/27003644/dtlphotolst/4/smp2
パティスリー アクイユ,（patisserie accueil）,https://tabelog.com/osaka/A2701/A270201/27079456/,火曜日＋不定休,西大橋駅,ケーキ チョコレート カフェ・喫茶（その他）,￥1000～￥1999,￥1000～￥1999,3.69,大阪府 大阪市西区北堀江1-17-18 102,06-6533-2313,149,10169,https://tabelog.com/osaka/A2701/A270201/27079456/dtlmenu,https://tabelog.com/osaka/A2701/A270201/27079456/dtlphotolst/3/smp2,https://tabelog.com/osaka/A2701/A270201/27079456/dtlphotolst/4/smp2
パティスリー リエルグ,,https://tabelog.com/osaka/A2707/A270703/27043645/,日曜日、月曜日、不定休（SNSにて告知）,東花園駅,ケーキ 洋菓子（その他） カフェ,-,～￥999,3.65,大阪府 東大阪市玉串町東3-1-11 ,072-973-7194,114,4185,https://tabelog.com/osaka/A2707/A270703/27043645/dtlmenu,https://tabelog.com/osaka/A2707/A270703/27043645/dtlphotolst/3/smp2,https://tabelog.com/osaka/A2707/A270703/27043645/dtlphotolst/4/smp2
パティスリー ルシェルシェ,（Patisserie Rechercher）,https://tabelog.com/osaka/A2701/A270105/27114044/,火曜日・他不定休あり,西長堀駅,ケーキ チョコレート,-,￥1000～￥1999,3.64,大阪府 大阪市西区南堀江3-9-28 ,06-6535-0870,65,6283,https://tabelog.com/osaka/A2701/A270105/27114044/dtlmenu,https://tabelog.com/osaka/A2701/A270105/27114044/dtlphotolst/3/smp2,https://tabelog.com/osaka/A2701/A270105/27114044/dtlphotolst/4/smp2
パティスリー シロ・デラブル,（Patisserie de ESAKA SIROP D'ERABLE）,https://tabelog.com/osaka/A2706/A270602/27015447/,不定休,江坂駅,ケーキ チョコレート,～￥999,～￥999,3.63,大阪府 吹田市江の木町5-3 レーベンハウス江坂 1F,06-6387-3715,162,4819,https://tabelog.com/osaka/A2706/A270602/27015447/dtlmenu,https://tabelog.com/osaka/A2706/A270602/27015447/dtlphotolst/3/smp2,https://tabelog.com/osaka/A2706/A270602/27015447/dtlphotolst/4/smp2
パティスリークロシェ,（Patisserie Crochet）,https://tabelog.com/osaka/A2701/A270108/27076035/,火曜（祝日の場合は営業）、不定休（SNSにて告知）,福島駅,ケーキ スイーツ（その他）,￥2000～￥2999,～￥999,3.63,大阪府 大阪市福島区福島7-4-9 プレステル福島 1F,06-6454-4660,110,6901,https://tabelog.com/osaka/A2701/A270108/27076035/dtlmenu,https://tabelog.com/osaka/A2701/A270108/27076035/dtlphotolst/3/smp2,https://tabelog.com/osaka/A2701/A270108/27076035/dtlphotolst/4/smp2
ラ パティスリー カツラ,（LA PATISSERIE KATSURA）,https://tabelog.com/osaka/A2701/A270104/27115899/,月曜日,天満橋駅,洋菓子（その他）,～￥999,～￥999,3.63,大阪府 大阪市北区天満2-1-8 ,06-6484-9934,99,6556,https://tabelog.com/osaka/A2701/A270104/27115899/dtlmenu,https://tabelog.com/osaka/A2701/A270104/27115899/dtlphotolst/3/smp2,https://tabelog.com/osaka/A2701/A270104/27115899/dtlphotolst/4/smp2
ショコラトリー・パティスリー ソリリテ,（CHOCOLATERIE PATISSERIE SOLILITE）,https://tabelog.com/osaka/A2701/A270102/27088791/,火曜日、他に不定休あり,肥後橋駅,チョコレート ケーキ,～￥999,～￥999,3.63,大阪府 大阪市西区江戸堀2-2-5 ,06-4980-8518,82,7965,https://tabelog.com/osaka/A2701/A270102/27088791/dtlmenu,https://tabelog.com/osaka/A2701/A270102/27088791/dtlphotolst/3/smp2,https://tabelog.com/osaka/A2701/A270102/27088791/dtlphotolst/4/smp2
パティスリー SATSUKI,（サツキ【旧店名】スゥイートショップ）,https://tabelog.com/osaka/A2701/A270107/27051429/,無し,大阪ビジネスパーク駅,ケーキ パン チョコレート,￥1000～￥1999,￥1000～￥1999,3.57,大阪府 大阪市中央区城見1-4-1 ホテルニューオータニ大阪,06-6949-3298,87,4029,https://tabelog.com/osaka/A2701/A270107/27051429/dtlmenu,https://tabelog.com/osaka/A2701/A270107/27051429/dtlphotolst/3/smp2,https://tabelog.com/osaka/A2701/A270107/27051429/dtlphotolst/4/smp2
パティスリー モーン,,https://tabelog.com/osaka/A2705/A270502/27008221/,水曜日、不定休（SNSにて告知）,和泉中央駅,ケーキ カフェ,～￥999,￥1000～￥1999,3.56,大阪府 和泉市のぞみ野3丁目829-14 ,0725-51-0088,115,3428,https://tabelog.com/osaka/A2705/A270502/27008221/dtlmenu,https://tabelog.com/osaka/A2705/A270502/27008221/dtlphotolst/3/smp2,https://tabelog.com/osaka/A2705/A270502/27008221/dtlphotolst/4/smp2
パティスリーアンコール,（patisserie encore）,https://tabelog.com/osaka/A2701/A270405/27073862/,不定休(公式サイトにて告知),駒川中野駅,ケーキ スイーツ（その他）,￥4000～￥4999,～￥999,3.53,大阪府 大阪市東住吉区東田辺1-16-15 ,06-6624-0707,52,1957,https://tabelog.com/osaka/A2701/A270405/27073862/dtlmenu,https://tabelog.com/osaka/A2701/A270405/27073862/dtlphotolst/3/smp2,https://tabelog.com/osaka/A2701/A270405/27073862/dtlphotolst/4/smp2
パティスリー ニジュウサン,（patisserie23）,https://tabelog.com/osaka/A2701/A270101/27102268/,不定休（基本、土・日・月はオープンしているようです。行かれる前にお店のツイッターで確認してください）,中崎町駅,ケーキ,～￥999,～￥999,3.53,大阪府 大阪市北区中崎西4-3-45 ,06-6373-2377,37,2209,https://tabelog.com/osaka/A2701/A270101/27102268/dtlmenu,https://tabelog.com/osaka/A2701/A270101/27102268/dtlphotolst/3/smp2,https://tabelog.com/osaka/A2701/A270101/27102268/dtlphotolst/4/smp2
patisserie Frank's,（パティスリー フランクス）,https://tabelog.com/osaka/A2707/A270703/27013542/,本店：無休　中小阪店：水曜日,河内小阪駅,サンドイッチ ケーキ カフェ,-,～￥999,3.50,大阪府 東大阪市小阪本町1-1-18 ,06-6724-6462,73,2583,https://tabelog.com/osaka/A2707/A270703/27013542/dtlmenu,https://tabelog.com/osaka/A2707/A270703/27013542/dtlphotolst/3/smp2,https://tabelog.com/osaka/A2707/A270703/27013542/dtlphotolst/4/smp2
パティスリーフォンセ,,https://tabelog.com/osaka/A2705/A270501/27011310/,月曜日（祝祭日は振り替えで翌火曜日）,鳳駅,ケーキ,～￥999,～￥999,3.50,大阪府 堺市西区鳳南町1-3-3 アーバンプラザ1階,072-272-8408,59,1958,https://tabelog.com/osaka/A2705/A270501/27011310/dtlmenu,https://tabelog.com/osaka/A2705/A270501/27011310/dtlphotolst/3/smp2,https://tabelog.com/osaka/A2705/A270501/27011310/dtlphotolst/4/smp2
パティスリー ザキ,（Patisserie Zaki）,https://tabelog.com/osaka/A2701/A270306/27077588/,火曜日,深江橋駅,ケーキ,-,￥1000～￥1999,3.50,大阪府 大阪市東成区深江北2-9-6 ,06-6974-8666,44,2115,https://tabelog.com/osaka/A2701/A270306/27077588/dtlmenu,https://tabelog.com/osaka/A2701/A270306/27077588/dtlphotolst/3/smp2,https://tabelog.com/osaka/A2701/A270306/27077588/dtlphotolst/4/smp2
Patisserie Jona,（パティスリー・ジョナ）,https://tabelog.com/osaka/A2701/A270301/27055774/,【定休日／日・月・火】休：8/12789141516212223282930　(2022.7.28(木)より営業再開しております),西中島南方駅,ケーキ,～￥999,～￥999,3.50,大阪府 大阪市淀川区西中島4-8-27 FLAT34新大阪南1F,06-6305-0011,34,1368,https://tabelog.com/osaka/A2701/A270301/27055774/dtlmenu,https://tabelog.com/osaka/A2701/A270301/27055774/dtlphotolst/3/smp2,https://tabelog.com/osaka/A2701/A270301/27055774/dtlphotolst/4/smp2
パティスリー ラファン 蒲生店,（Patisserie RAPIN）,https://tabelog.com/osaka/A2701/A270107/27014707/,なし,蒲生四丁目駅,ケーキ スイーツ（その他）,～￥999,-,3.46,大阪府 大阪市城東区今福西1-2-1 ,06-6934-2603,38,839,https://tabelog.com/osaka/A2701/A270107/27014707/dtlmenu,https://tabelog.com/osaka/A2701/A270107/27014707/dtlphotolst/3/smp2,https://tabelog.com/osaka/A2701/A270107/27014707/dtlphotolst/4/smp2
パティスリーショコラ,（patisseri Chocolat）,https://tabelog.com/osaka/A2701/A270104/27004222/,月曜日、不定休(公式サイトにて告知),天満橋駅,ケーキ,￥3000～￥3999,～￥999,3.45,大阪府 大阪市北区天満2-1-27 ,06-6352-0385,51,2344,https://tabelog.com/osaka/A2701/A270104/27004222/dtlmenu,https://tabelog.com/osaka/A2701/A270104/27004222/dtlphotolst/3/smp2,https://tabelog.com/osaka/A2701/A270104/27004222/dtlphotolst/4/smp2
パティスリーセボン,（Patisserie　C'est　Bon）,https://tabelog.com/osaka/A2701/A270107/27065396/,月曜日＋α,大阪城北詰駅,ケーキ カフェ 喫茶店,-,～￥999,3.44,大阪府 大阪市都島区網島町8-16 ,06-7175-2375,30,1208,https://tabelog.com/osaka/A2701/A270107/27065396/dtlmenu,https://tabelog.com/osaka/A2701/A270107/27065396/dtlphotolst/3/smp2,https://tabelog.com/osaka/A2701/A270107/27065396/dtlphotolst/4/smp2
パティスリー シュクレ 菱屋本店,,https://tabelog.com/osaka/A2707/A270703/27015136/,なし,長瀬駅,ケーキ カフェ,-,￥1000～￥1999,3.43,大阪府 東大阪市菱屋西1-12-24 ,06-6725-8824,35,2165,https://tabelog.com/osaka/A2707/A270703/27015136/dtlmenu,https://tabelog.com/osaka/A2707/A270703/27015136/dtlphotolst/3/smp2,https://tabelog.com/osaka/A2707/A270703/27015136/dtlphotolst/4/smp2
パティスリー らねっと,（Patisserie RAINETTE）,https://tabelog.com/osaka/A2701/A270201/27017231/,日曜日のみ　　祝日は営業,西大橋駅,ケーキ カフェ,-,～￥999,3.42,大阪府 大阪市西区新町1-22-19 ,06-6533-5510,36,1149,https://tabelog.com/osaka/A2701/A270201/27017231/dtlmenu,https://tabelog.com/osaka/A2701/A270201/27017231/dtlphotolst/3/smp2,https://tabelog.com/osaka/A2701/A270201/27017231/dtlphotolst/4/smp2
パティスリー トロワ,（Patisserie Troyes）,https://tabelog.com/osaka/A2706/A270604/27013734/,火曜日,南茨木駅,ケーキ パン,-,～￥999,3.42,大阪府 茨木市真砂1-9-31 ポー・ド・ミール南茨木 1F,072-632-9666,34,1457,https://tabelog.com/osaka/A2706/A270604/27013734/dtlmenu,https://tabelog.com/osaka/A2706/A270604/27013734/dtlphotolst/3/smp2,https://tabelog.com/osaka/A2706/A270604/27013734/dtlphotolst/4/smp2
パティスリーカントナ,,https://tabelog.com/osaka/A2706/A270604/27077565/,不定休,高槻市駅,ケーキ,-,～￥999,3.42,大阪府 高槻市松原町6-5 ,072-662-2815,29,1355,https://tabelog.com/osaka/A2706/A270604/27077565/dtlmenu,https://tabelog.com/osaka/A2706/A270604/27077565/dtlphotolst/3/smp2,https://tabelog.com/osaka/A2706/A270604/27077565/dtlphotolst/4/smp2
パティスリー　ハレ,,https://tabelog.com/osaka/A2706/A270603/27019454/,毎週火曜日,池田駅,ケーキ,￥1000～￥1999,￥2000～￥2999,3.40,大阪府 池田市緑丘1-3-29 ,072-754-4180,53,1907,https://tabelog.com/osaka/A2706/A270603/27019454/dtlmenu,https://tabelog.com/osaka/A2706/A270603/27019454/dtlphotolst/3/smp2,https://tabelog.com/osaka/A2706/A270603/27019454/dtlphotolst/4/smp2
パティスリー・モーン 北信太店,（PATISSERIE MOHN）,https://tabelog.com/osaka/A2705/A270502/27012767/,水曜日、不定休（SNSにて告知）,北信太駅,ケーキ チョコレート,-,～￥999,3.38,大阪府 和泉市太町61-27 ,0725-46-1770,28,661,https://tabelog.com/osaka/A2705/A270502/27012767/dtlmenu,https://tabelog.com/osaka/A2705/A270502/27012767/dtlphotolst/3/smp2,https://tabelog.com/osaka/A2705/A270502/27012767/dtlphotolst/4/smp2
Patisserie Touchez du bois,（Pâtisserie Touchez du bois）,https://tabelog.com/osaka/A2701/A270302/27101573/,月曜日 ※インスタグラムに営業日カレンダーあり,十三駅,ケーキ 洋菓子（その他） マカロン,-,￥1000～￥1999,3.36,大阪府 大阪市淀川区十三元今里2-21-3 メゾン愛花夢 105,0663-06-6146,32,1691,https://tabelog.com/osaka/A2701/A270302/27101573/dtlmenu,https://tabelog.com/osaka/A2701/A270302/27101573/dtlphotolst/3/smp2,https://tabelog.com/osaka/A2701/A270302/27101573/dtlphotolst/4/smp2
パティスリーワイスタイル,,https://tabelog.com/osaka/A2706/A270603/27065101/,無休,牧落駅,マカロン ケーキ スイーツ（その他）,￥1000～￥1999,￥1000～￥1999,3.35,大阪府 箕面市桜4-15-40 ,072-737-7088,35,1096,https://tabelog.com/osaka/A2706/A270603/27065101/dtlmenu,https://tabelog.com/osaka/A2706/A270603/27065101/dtlphotolst/3/smp2,https://tabelog.com/osaka/A2706/A270603/27065101/dtlphotolst/4/smp2
Patisserie SUI,（パティスリー スイ）,https://tabelog.com/osaka/A2706/A270604/27014741/,不定休　店内カレンダーでお知らせ,上牧駅,ケーキ,￥1000～￥1999,￥2000～￥2999,3.35,大阪府 高槻市神内2-28-5 宮田ビル1F,072-685-2614,23,404,https://tabelog.com/osaka/A2706/A270604/27014741/dtlmenu,https://tabelog.com/osaka/A2706/A270604/27014741/dtlphotolst/3/smp2,https://tabelog.com/osaka/A2706/A270604/27014741/dtlphotolst/4/smp2
パティスリー サキモト,（Patisserie SAKIMOTO）,https://tabelog.com/osaka/A2701/A270203/27065923/,不定休,寺田町駅,ケーキ,-,～￥999,3.33,大阪府 大阪市生野区生野西3-5-81 ,06-6731-6596,33,2243,https://tabelog.com/osaka/A2701/A270203/27065923/dtlmenu,https://tabelog.com/osaka/A2701/A270203/27065923/dtlphotolst/3/smp2,https://tabelog.com/osaka/A2701/A270203/27065923/dtlphotolst/4/smp2
ティコラッテパティスリー,,https://tabelog.com/osaka/A2707/A270702/27038352/,不定休（公式サイトに営業日カレンダーあり）,香里園駅,ケーキ,￥2000～￥2999,￥2000～￥2999,3.33,大阪府 寝屋川市香里南之町28-24 ,072-833-8383,29,650,https://tabelog.com/osaka/A2707/A270702/27038352/dtlmenu,https://tabelog.com/osaka/A2707/A270702/27038352/dtlphotolst/3/smp2,https://tabelog.com/osaka/A2707/A270702/27038352/dtlphotolst/4/smp2
パティスリー・アンピフルリ,（PATISSERIE Empiffrerie）,https://tabelog.com/osaka/A2701/A270107/27007715/,月曜日,大阪城北詰駅,ケーキ カフェ,-,～￥999,3.33,大阪府 大阪市都島区東野田町1-20-20 ,06-6351-7800,27,787,https://tabelog.com/osaka/A2701/A270107/27007715/dtlmenu,https://tabelog.com/osaka/A2701/A270107/27007715/dtlphotolst/3/smp2,https://tabelog.com/osaka/A2701/A270107/27007715/dtlphotolst/4/smp2
カフェパティスリーミィタン,,https://tabelog.com/osaka/A2701/A270105/27054105/,水曜定休日（その他不定期で連休）,阿波座駅,ケーキ,￥1000～￥1999,￥1000～￥1999,3.33,大阪府 大阪市西区江戸堀 3-1-20 オ－ビットステ－ジ江戸堀 １Ｆ,06-6447-0415,25,963,https://tabelog.com/osaka/A2701/A270105/27054105/dtlmenu,https://tabelog.com/osaka/A2701/A270105/27054105/dtlphotolst/3/smp2,https://tabelog.com/osaka/A2701/A270105/27054105/dtlphotolst/4/smp2
Patisserie CanneLier,（パティスリー カヌリエ）,https://tabelog.com/osaka/A2706/A270604/27124616/,火曜日・水曜日（仕込み日）,高槻駅,ケーキ 洋菓子（その他）,-,￥1000～￥1999,3.33,大阪府 高槻市天神町1-5-5 クレール天神,072-668-4820,15,575,https://tabelog.com/osaka/A2706/A270604/27124616/dtlmenu,https://tabelog.com/osaka/A2706/A270604/27124616/dtlphotolst/3/smp2,https://tabelog.com/osaka/A2706/A270604/27124616/dtlphotolst/4/smp2
パティスリー アン ジャルダン,,https://tabelog.com/osaka/A2701/A270305/27015188/,なし,横堤駅,ケーキ,￥1000～￥1999,￥2000～￥2999,3.32,大阪府 大阪市鶴見区横堤1丁目11-41 ,06-6913-4147,36,527,https://tabelog.com/osaka/A2701/A270305/27015188/dtlmenu,https://tabelog.com/osaka/A2701/A270305/27015188/dtlphotolst/3/smp2,https://tabelog.com/osaka/A2701/A270305/27015188/dtlphotolst/4/smp2
パティスリービアン・シュール,,https://tabelog.com/osaka/A2705/A270501/27013908/,不定休（正月のみ休み）,中百舌鳥駅（南海・泉北）,ケーキ 喫茶店 カフェ,-,～￥999,3.31,大阪府 堺市北区中百舌鳥町2丁93 ,072-254-0391,35,776,https://tabelog.com/osaka/A2705/A270501/27013908/dtlmenu,https://tabelog.com/osaka/A2705/A270501/27013908/dtlphotolst/3/smp2,https://tabelog.com/osaka/A2705/A270501/27013908/dtlphotolst/4/smp2
パティスリーブルス 長瀬店,,https://tabelog.com/osaka/A2707/A270703/27061089/,年中無休,長瀬駅,ケーキ,～￥999,～￥999,3.31,大阪府 東大阪市菱屋西1-17-14 ,06-6722-6580,24,517,https://tabelog.com/osaka/A2707/A270703/27061089/dtlmenu,https://tabelog.com/osaka/A2707/A270703/27061089/dtlphotolst/3/smp2,https://tabelog.com/osaka/A2707/A270703/27061089/dtlphotolst/4/smp2
パティスリー ジャマン,,https://tabelog.com/osaka/A2706/A270604/27117097/,火曜日・水曜日、不定休(主に月曜日),茨木市駅,ケーキ 洋菓子（その他）,-,￥1000～￥1999,3.30,大阪府 茨木市園田町10-7 ,072-657-9110,19,1408,https://tabelog.com/osaka/A2706/A270604/27117097/dtlmenu,https://tabelog.com/osaka/A2706/A270604/27117097/dtlphotolst/3/smp2,https://tabelog.com/osaka/A2706/A270604/27117097/dtlphotolst/4/smp2
パティスリーMASA,（マサ）,https://tabelog.com/osaka/A2701/A270401/27014003/,水曜日,九条駅（阪神）,ケーキ チョコレート,-,～￥999,3.29,大阪府 大阪市西区千代崎2-25-1 ,06-6581-7567,27,495,https://tabelog.com/osaka/A2701/A270401/27014003/dtlmenu,https://tabelog.com/osaka/A2701/A270401/27014003/dtlphotolst/3/smp2,https://tabelog.com/osaka/A2701/A270401/27014003/dtlphotolst/4/smp2
パティスリー ブーケ,（patisserie  bouquet）,https://tabelog.com/osaka/A2701/A270105/27074848/,水曜日,桜川駅,カフェ ケーキ,-,￥1000～￥1999,3.29,大阪府 大阪市西区南堀江3-4-12 ,06-6599-9954,21,1858,https://tabelog.com/osaka/A2701/A270105/27074848/dtlmenu,https://tabelog.com/osaka/A2701/A270105/27074848/dtlphotolst/3/smp2,https://tabelog.com/osaka/A2701/A270105/27074848/dtlphotolst/4/smp2
パティスリー イリス,（Patisserie Iris）,https://tabelog.com/osaka/A2701/A270108/27061017/,月曜日(祝日の場合は、翌日が休業日となります),海老江駅,ケーキ ドーナツ,-,￥1000～￥1999,3.29,大阪府 大阪市福島区海老江6-1-5 ,06-6345-3905,18,353,https://tabelog.com/osaka/A2701/A270108/27061017/dtlmenu,https://tabelog.com/osaka/A2701/A270108/27061017/dtlphotolst/3/smp2,https://tabelog.com/osaka/A2701/A270108/27061017/dtlphotolst/4/smp2
patisserie hana hana,（パティスリー ハナ ハナ）,https://tabelog.com/osaka/A2706/A270601/27015156/,水曜日,少路駅（大阪モノレール）,ケーキ,-,～￥999,3.27,大阪府 豊中市熊野町4-11-9 1F,06-6850-3038,17,389,https://tabelog.com/osaka/A2706/A270601/27015156/dtlmenu,https://tabelog.com/osaka/A2706/A270601/27015156/dtlphotolst/3/smp2,https://tabelog.com/osaka/A2706/A270601/27015156/dtlphotolst/4/smp2
パティスリー ラ フェット 桃山台店,（Ptisserie La Fte）,https://tabelog.com/osaka/A2706/A270602/27085680/,不定休(SNSにて告知),桃山台駅,洋菓子（その他）,-,～￥999,3.25,大阪府 豊中市新千里南町3-1-13 マンションニュー千里 106,06-6872-3399,22,484,https://tabelog.com/osaka/A2706/A270602/27085680/dtlmenu,https://tabelog.com/osaka/A2706/A270602/27085680/dtlphotolst/3/smp2,https://tabelog.com/osaka/A2706/A270602/27085680/dtlphotolst/4/smp2
パティスリー フラワー 竹内街道軽里店,（Patisserie FLOUR）,https://tabelog.com/osaka/A2708/A270801/27003570/,年中無休(1/1除く),古市駅,ケーキ カフェ パン,￥1000～￥1999,￥1000～￥1999,3.24,大阪府 羽曳野市軽里2-73-1 ,072-958-4444,64,907,https://tabelog.com/osaka/A2708/A270801/27003570/dtlmenu,https://tabelog.com/osaka/A2708/A270801/27003570/dtlphotolst/3/smp2,https://tabelog.com/osaka/A2708/A270801/27003570/dtlphotolst/4/smp2
パティスリー・フリアン,（patisserie FRIAND）,https://tabelog.com/osaka/A2707/A270702/27018531/,不定休,寝屋川市駅,ケーキ 洋菓子（その他） スイーツ（その他）,￥1000～￥1999,￥1000～￥1999,3.23,大阪府 寝屋川市池田南町1-4 ,072-826-5733,39,447,https://tabelog.com/osaka/A2707/A270702/27018531/dtlmenu,https://tabelog.com/osaka/A2707/A270702/27018531/dtlphotolst/3/smp2,https://tabelog.com/osaka/A2707/A270702/27018531/dtlphotolst/4/smp2
パティスリーコージ 深江店,,https://tabelog.com/osaka/A2701/A270306/27008976/,不定休,深江橋駅,ケーキ,～￥999,～￥999,3.23,大阪府 大阪市東成区深江北1丁目12-13 ,06-6973-2480,24,308,https://tabelog.com/osaka/A2701/A270306/27008976/dtlmenu,https://tabelog.com/osaka/A2701/A270306/27008976/dtlphotolst/3/smp2,https://tabelog.com/osaka/A2701/A270306/27008976/dtlphotolst/4/smp2
パティスリー かいと,（パティスリーカイト）,https://tabelog.com/osaka/A2705/A270502/27034004/,水曜・第３火曜　他に不定休あり,水間観音駅,ケーキ スイーツ（その他）,-,￥2000～￥2999,3.22,大阪府 泉南郡熊取町小谷北2-13-1 ,072-452-2233,23,500,https://tabelog.com/osaka/A2705/A270502/27034004/dtlmenu,https://tabelog.com/osaka/A2705/A270502/27034004/dtlphotolst/3/smp2,https://tabelog.com/osaka/A2705/A270502/27034004/dtlphotolst/4/smp2
パティスリー モンシェール あべのハルカス店,,https://tabelog.com/osaka/A2701/A270203/27097256/,-,天王寺駅前駅,ケーキ,-,～￥999,3.22,大阪府 大阪市阿倍野区阿倍野筋1-1-43 あべのハルカス近鉄本店 タワー館 B1F,06-6657-4499,20,193,https://tabelog.com/osaka/A2701/A270203/27097256/dtlmenu,https://tabelog.com/osaka/A2701/A270203/27097256/dtlphotolst/3/smp2,https://tabelog.com/osaka/A2701/A270203/27097256/dtlphotolst/4/smp2
パティスリー ヴァンブラン,,https://tabelog.com/osaka/A2706/A270601/27011227/,水曜日,曽根駅,ケーキ,-,￥1000～￥1999,3.22,大阪府 豊中市長興寺南1-3-5-101 ,06-6866-6901,17,300,https://tabelog.com/osaka/A2706/A270601/27011227/dtlmenu,https://tabelog.com/osaka/A2706/A270601/27011227/dtlphotolst/3/smp2,https://tabelog.com/osaka/A2706/A270601/27011227/dtlphotolst/4/smp2
パティスリー ベック シュクレ,（Pâtisserie Bec Sucré ）,https://tabelog.com/osaka/A2705/A270501/27085557/,水曜日,栂・美木多駅,ケーキ パン,-,￥1000～￥1999,3.21,大阪府 堺市南区原山台1-2-4 ,072-284-5522,37,2377,https://tabelog.com/osaka/A2705/A270501/27085557/dtlmenu,https://tabelog.com/osaka/A2705/A270501/27085557/dtlphotolst/3/smp2,https://tabelog.com/osaka/A2705/A270501/27085557/dtlphotolst/4/smp2
パティスリー エルブランシュ,,https://tabelog.com/osaka/A2707/A270701/27077635/,不定休,古川橋駅,ケーキ カフェ,￥1000～￥1999,￥1000～￥1999,3.21,大阪府 門真市石原町1-1 ,06-6902-2244,19,2015,https://tabelog.com/osaka/A2707/A270701/27077635/dtlmenu,https://tabelog.com/osaka/A2707/A270701/27077635/dtlphotolst/3/smp2,https://tabelog.com/osaka/A2707/A270701/27077635/dtlphotolst/4/smp2
パティスリー　モリタ,,https://tabelog.com/osaka/A2707/A270704/27054441/,不定休,四条畷駅,ケーキ 洋菓子（その他） ドーナツ,-,～￥999,3.21,大阪府 四條畷市楠公1丁目12-26 ,072-879-5734,19,265,https://tabelog.com/osaka/A2707/A270704/27054441/dtlmenu,https://tabelog.com/osaka/A2707/A270704/27054441/dtlphotolst/3/smp2,https://tabelog.com/osaka/A2707/A270704/27054441/dtlphotolst/4/smp2
パティスリー・ソレイユ,（patisserie soleil）,https://tabelog.com/osaka/A2705/A270502/27043543/,無し,久米田駅,ケーキ その他,￥1000～￥1999,￥1000～￥1999,3.21,大阪府 岸和田市小松里町2305 ハイツ小松里1F,072-440-2700,19,425,https://tabelog.com/osaka/A2705/A270502/27043543/dtlmenu,https://tabelog.com/osaka/A2705/A270502/27043543/dtlphotolst/3/smp2,https://tabelog.com/osaka/A2705/A270502/27043543/dtlphotolst/4/smp2
パティスリージャンゴ,（Patisserie ginkgo）,https://tabelog.com/osaka/A2701/A270201/27098441/,日曜定休,西大橋駅,ケーキ,-,～￥999,3.21,大阪府 大阪市西区新町1-24-14 新町マンション,06-6606-9455,18,3053,https://tabelog.com/osaka/A2701/A270201/27098441/dtlmenu,https://tabelog.com/osaka/A2701/A270201/27098441/dtlphotolst/3/smp2,https://tabelog.com/osaka/A2701/A270201/27098441/dtlphotolst/4/smp2
パティスリーバロン 恵我ノ荘店,（patisserie BARON）,https://tabelog.com/osaka/A2708/A270801/27026486/,なし　（但し１月１日、２日、１２月２６日は休業）,恵我ノ荘駅,ケーキ カフェ 喫茶店,-,￥1000～￥1999,3.20,大阪府 羽曳野市南恵我之荘8-1-3 ,072-953-8800,25,560,https://tabelog.com/osaka/A2708/A270801/27026486/dtlmenu,https://tabelog.com/osaka/A2708/A270801/27026486/dtlphotolst/3/smp2,https://tabelog.com/osaka/A2708/A270801/27026486/dtlphotolst/4/smp2
patisserie cri de coq,（クリ ド コック）,https://tabelog.com/osaka/A2706/A270603/27083726/,水曜日 第一木曜日,箕面駅,チョコレート ケーキ カフェ,￥1000～￥1999,￥1000～￥1999,3.20,大阪府 箕面市白島3-7-2 LA GARELLIA 1F,072-729-0285,21,1579,https://tabelog.com/osaka/A2706/A270603/27083726/dtlmenu,https://tabelog.com/osaka/A2706/A270603/27083726/dtlphotolst/3/smp2,https://tabelog.com/osaka/A2706/A270603/27083726/dtlphotolst/4/smp2
パティスリー レタンセル,,https://tabelog.com/osaka/A2705/A270501/27114348/,不定休,堺市駅,ケーキ 洋菓子（その他）,～￥999,～￥999,3.20,大阪府 堺市北区東雲東町1-6-2 ,072-242-8558,12,365,https://tabelog.com/osaka/A2705/A270501/27114348/dtlmenu,https://tabelog.com/osaka/A2705/A270501/27114348/dtlphotolst/3/smp2,https://tabelog.com/osaka/A2705/A270501/27114348/dtlphotolst/4/smp2
パティスリー アン・スリール,（patisserie Un Sourire）,https://tabelog.com/osaka/A2705/A270503/27055541/,不定休（詳細はＨＰでお知らせしてくれます）,泉佐野駅,ケーキ カフェ,-,～￥999,3.19,大阪府 泉佐野市市場西1-1-11 ,072-493-3485,15,334,https://tabelog.com/osaka/A2705/A270503/27055541/dtlmenu,https://tabelog.com/osaka/A2705/A270503/27055541/dtlphotolst/3/smp2,https://tabelog.com/osaka/A2705/A270503/27055541/dtlphotolst/4/smp2
パティスリー　リョウ,,https://tabelog.com/osaka/A2707/A270705/27019551/,水曜,久宝寺駅,ケーキ,-,￥1000～￥1999,3.19,大阪府 八尾市龍華町2-1-20-106 ,072-999-4717,14,276,https://tabelog.com/osaka/A2707/A270705/27019551/dtlmenu,https://tabelog.com/osaka/A2707/A270705/27019551/dtlphotolst/3/smp2,https://tabelog.com/osaka/A2707/A270705/27019551/dtlphotolst/4/smp2
パティスリーチェルモ 松原店,（CHELMO）,https://tabelog.com/osaka/A2708/A270801/27044379/,無休,河内松原駅,ケーキ,￥1000～￥1999,～￥999,3.19,大阪府 松原市阿保5-15-4 ,072-337-2541,11,142,https://tabelog.com/osaka/A2708/A270801/27044379/dtlmenu,https://tabelog.com/osaka/A2708/A270801/27044379/dtlphotolst/3/smp2,https://tabelog.com/osaka/A2708/A270801/27044379/dtlphotolst/4/smp2
patisserie and cafe SAVORY,（パティスリー アンド カフェ サヴォリー）,https://tabelog.com/osaka/A2708/A270801/27118008/,火曜日、水曜日（不定休あり）,河内天美駅,ケーキ,￥5000～￥5999,￥1000～￥1999,3.18,大阪府 松原市天美南3-14-11 メゾンあすかⅡ1F,-,14,618,https://tabelog.com/osaka/A2708/A270801/27118008/dtlmenu,https://tabelog.com/osaka/A2708/A270801/27118008/dtlphotolst/3/smp2,https://tabelog.com/osaka/A2708/A270801/27118008/dtlphotolst/4/smp2
パティスリーラファン 野江駅前店,,https://tabelog.com/osaka/A2701/A270305/27060555/,なし,野江駅,ケーキ,-,～￥999,3.18,大阪府 大阪市城東区成育2-2-23 ,06-6932-7798,10,122,https://tabelog.com/osaka/A2701/A270305/27060555/dtlmenu,https://tabelog.com/osaka/A2701/A270305/27060555/dtlphotolst/3/smp2,https://tabelog.com/osaka/A2701/A270305/27060555/dtlphotolst/4/smp2
パティスリー グランディール,（patisserie GRANDIR）,https://tabelog.com/osaka/A2707/A270702/27015705/,不定休,樟葉駅,ケーキ,-,～￥999,3.17,大阪府 枚方市東船橋1-1 ,072-855-5099,21,202,https://tabelog.com/osaka/A2707/A270702/27015705/dtlmenu,https://tabelog.com/osaka/A2707/A270702/27015705/dtlphotolst/3/smp2,https://tabelog.com/osaka/A2707/A270702/27015705/dtlphotolst/4/smp2
パティスリー ナナ,（PATISSERIE NANA 【旧店名】 お菓子の工房 ワーフル 狭山店）,https://tabelog.com/osaka/A2708/A270802/27051367/,無休,金剛駅,ケーキ,-,￥3000～￥3999,3.17,大阪府 大阪狭山市西山台2丁13-18 ,072-366-8118,18,166,https://tabelog.com/osaka/A2708/A270802/27051367/dtlmenu,https://tabelog.com/osaka/A2708/A270802/27051367/dtlphotolst/3/smp2,https://tabelog.com/osaka/A2708/A270802/27051367/dtlphotolst/4/smp2
パティスリー ラ フェーヴ,（Patisserie la feve）,https://tabelog.com/osaka/A2701/A270305/27068210/,火曜,放出駅,ケーキ スイーツ（その他）,-,￥1000～￥1999,3.17,大阪府 大阪市鶴見区放出東2-3-24 グランベル北田 1F,06-6967-5506,13,297,https://tabelog.com/osaka/A2701/A270305/27068210/dtlmenu,https://tabelog.com/osaka/A2701/A270305/27068210/dtlphotolst/3/smp2,https://tabelog.com/osaka/A2701/A270305/27068210/dtlphotolst/4/smp2
パティスリー ハシモト,（Hashimoto）,https://tabelog.com/osaka/A2707/A270703/27059979/,月曜日※祝日の場合は振り替え,河内花園駅,ケーキ 洋菓子（その他）,-,～￥999,3.17,大阪府 東大阪市菱屋東1-1-31 フローラ21,072-962-1339,8,95,https://tabelog.com/osaka/A2707/A270703/27059979/dtlmenu,https://tabelog.com/osaka/A2707/A270703/27059979/dtlphotolst/3/smp2,https://tabelog.com/osaka/A2707/A270703/27059979/dtlphotolst/4/smp2
パティスリーリアン,,https://tabelog.com/osaka/A2701/A270404/27091558/,水曜日,あびこ駅,ケーキ カフェ,-,～￥999,3.16,大阪府 大阪市住吉区苅田3-17-24 ハイツ粟新1F,06-6691-0689,16,277,https://tabelog.com/osaka/A2701/A270404/27091558/dtlmenu,https://tabelog.com/osaka/A2701/A270404/27091558/dtlphotolst/3/smp2,https://tabelog.com/osaka/A2701/A270404/27091558/dtlphotolst/4/smp2
パティスリー シエル・ヴァン,（Ciel Vent）,https://tabelog.com/osaka/A2708/A270801/27015197/,水曜日,古市駅,ケーキ,～￥999,～￥999,3.16,大阪府 藤井寺市野中2-54-1 ,072-952-6040,11,121,https://tabelog.com/osaka/A2708/A270801/27015197/dtlmenu,https://tabelog.com/osaka/A2708/A270801/27015197/dtlphotolst/3/smp2,https://tabelog.com/osaka/A2708/A270801/27015197/dtlphotolst/4/smp2
パティスリー･ニーナ,（patisserie niina）,https://tabelog.com/osaka/A2701/A270205/27097877/,水曜日･日曜日、不定休(SNSにて告知),鶴橋駅,ケーキ マカロン 洋菓子（その他）,-,～￥999,3.16,大阪府 大阪市生野区鶴橋1-3-2 ,06-4302-5822,8,565,https://tabelog.com/osaka/A2701/A270205/27097877/dtlmenu,https://tabelog.com/osaka/A2701/A270205/27097877/dtlphotolst/3/smp2,https://tabelog.com/osaka/A2701/A270205/27097877/dtlphotolst/4/smp2
パティスリー ミヨシ,（PÂTISSERIE MIYOSHI ）,https://tabelog.com/osaka/A2701/A270304/27110365/,水曜日（+不定休）,城北公園通駅,ケーキ 洋菓子（その他） チョコレート,～￥999,～￥999,3.15,大阪府 大阪市都島区毛馬町1-5-15 ,-,11,623,https://tabelog.com/osaka/A2701/A270304/27110365/dtlmenu,https://tabelog.com/osaka/A2701/A270304/27110365/dtlphotolst/3/smp2,https://tabelog.com/osaka/A2701/A270304/27110365/dtlphotolst/4/smp2
パティスリー ラ プリュム,（Patisserie La Plume）,https://tabelog.com/osaka/A2706/A270604/27054047/,火曜日,ＪＲ総持寺駅,ケーキ,￥1000～￥1999,￥1000～￥1999,3.15,大阪府 茨木市西河原2-8-2 パークハイツミシマⅡ　１Ｆ,072-657-8966,10,258,https://tabelog.com/osaka/A2706/A270604/27054047/dtlmenu,https://tabelog.com/osaka/A2706/A270604/27054047/dtlphotolst/3/smp2,https://tabelog.com/osaka/A2706/A270604/27054047/dtlphotolst/4/smp2
パティスリーカリオン,,https://tabelog.com/osaka/A2707/A270702/27056019/,不定休,郡津駅,ケーキ,-,～￥999,3.15,大阪府 枚方市香里ヶ丘3-11-1 CONOBA香里ヶ丘A棟　１Ｆ,072-854-0555,9,120,https://tabelog.com/osaka/A2707/A270702/27056019/dtlmenu,https://tabelog.com/osaka/A2707/A270702/27056019/dtlphotolst/3/smp2,https://tabelog.com/osaka/A2707/A270702/27056019/dtlphotolst/4/smp2
パティスリーブルボン,（Patisserie Bourbon）,https://tabelog.com/osaka/A2707/A270701/27040279/,水曜日,西三荘駅,ケーキ カフェ・喫茶（その他）,～￥999,～￥999,3.15,大阪府 守口市西郷通2-6-14 ,06-6998-7310,8,127,https://tabelog.com/osaka/A2707/A270701/27040279/dtlmenu,https://tabelog.com/osaka/A2707/A270701/27040279/dtlphotolst/3/smp2,https://tabelog.com/osaka/A2707/A270701/27040279/dtlphotolst/4/smp2
パティスリー・シャンピェール 阪急千里山店,,https://tabelog.com/osaka/A2706/A270602/27114976/,-,千里山駅,ケーキ 洋菓子（その他）,-,～￥999,3.14,大阪府 吹田市千里山西5-1-3 ,06-6192-7233,6,160,https://tabelog.com/osaka/A2706/A270602/27114976/dtlmenu,https://tabelog.com/osaka/A2706/A270602/27114976/dtlphotolst/3/smp2,https://tabelog.com/osaka/A2706/A270602/27114976/dtlphotolst/4/smp2
パティスリー ニコリ,（patisserie nicori）,https://tabelog.com/osaka/A2705/A270501/27058460/,木曜日 ※変更の場合はSNSにて告知,初芝駅,洋菓子（その他） カフェ,-,￥1000～￥1999,3.13,大阪府 堺市中区大野芝街593-10 アメニティー白鷺 1Ｆ,072-235-3050,9,273,https://tabelog.com/osaka/A2705/A270501/27058460/dtlmenu,https://tabelog.com/osaka/A2705/A270501/27058460/dtlphotolst/3/smp2,https://tabelog.com/osaka/A2705/A270501/27058460/dtlphotolst/4/smp2
パティスリー アミ,（patisserie amie）,https://tabelog.com/osaka/A2707/A270702/27084339/,水曜日・木曜日、不定休(SNSにて告知),香里園駅,ケーキ カフェ,￥2000～￥2999,～￥999,3.13,大阪府 寝屋川市香里南之町20-10 ,072-835-1977,8,253,https://tabelog.com/osaka/A2707/A270702/27084339/dtlmenu,https://tabelog.com/osaka/A2707/A270702/27084339/dtlphotolst/3/smp2,https://tabelog.com/osaka/A2707/A270702/27084339/dtlphotolst/4/smp2
パティスリー ルクール,（patisserie Le coeur）,https://tabelog.com/osaka/A2707/A270702/27087983/,不定休,牧野駅,ケーキ,-,～￥999,3.13,大阪府 枚方市牧野阪1-17-5 ,072-867-8611,7,102,https://tabelog.com/osaka/A2707/A270702/27087983/dtlmenu,https://tabelog.com/osaka/A2707/A270702/27087983/dtlphotolst/3/smp2,https://tabelog.com/osaka/A2707/A270702/27087983/dtlphotolst/4/smp2
パティスリー・ナトゥーラ,（Patisserie natura）,https://tabelog.com/osaka/A2701/A270205/27078365/,不定休,大阪上本町駅,ケーキ,～￥999,～￥999,3.12,大阪府 大阪市天王寺区筆ヶ崎町5-38 ロイヤルパークス桃坂 1F,06-4305-2277,30,1243,https://tabelog.com/osaka/A2701/A270205/27078365/dtlmenu,https://tabelog.com/osaka/A2701/A270205/27078365/dtlphotolst/3/smp2,https://tabelog.com/osaka/A2701/A270205/27078365/dtlphotolst/4/smp2
パティスリーブルス 本店,,https://tabelog.com/osaka/A2707/A270705/27011201/,年中無休,志紀駅,ケーキ,-,～￥999,3.11,大阪府 八尾市天王寺屋7丁目54 ,072-948-1448,16,309,https://tabelog.com/osaka/A2707/A270705/27011201/dtlmenu,https://tabelog.com/osaka/A2707/A270705/27011201/dtlphotolst/3/smp2,https://tabelog.com/osaka/A2707/A270705/27011201/dtlphotolst/4/smp2
パティスリー タイカイ,（Taikai）,https://tabelog.com/osaka/A2706/A270603/27091768/,水曜日、不定休（公式サイトにて告知）,池田駅,ケーキ,～￥999,￥2000～￥2999,3.11,大阪府 池田市城南3-1-8 NDS IKEDA 南棟 1F,072-752-5151,15,371,https://tabelog.com/osaka/A2706/A270603/27091768/dtlmenu,https://tabelog.com/osaka/A2706/A270603/27091768/dtlphotolst/3/smp2,https://tabelog.com/osaka/A2706/A270603/27091768/dtlphotolst/4/smp2
パティスリーアルモンド 放出駅前店,（【旧：アルモンド洋菓子店】）,https://tabelog.com/osaka/A2701/A270305/27042015/,火曜日,放出駅,ケーキ 喫茶店,-,～￥999,3.11,大阪府 大阪市鶴見区放出東3-21-40-103 ,06-6965-6645,13,215,https://tabelog.com/osaka/A2701/A270305/27042015/dtlmenu,https://tabelog.com/osaka/A2701/A270305/27042015/dtlphotolst/3/smp2,https://tabelog.com/osaka/A2701/A270305/27042015/dtlphotolst/4/smp2
パティスリー ド タブロオ,（PATISSERIE de Tableaux）,https://tabelog.com/osaka/A2705/A270501/27058303/,火曜日(祝日の場合は営業),深井駅,ケーキ,-,￥2000～￥2999,3.11,大阪府 堺市中区深井水池町3147 ,072-270-5992,8,176,https://tabelog.com/osaka/A2705/A270501/27058303/dtlmenu,https://tabelog.com/osaka/A2705/A270501/27058303/dtlphotolst/3/smp2,https://tabelog.com/osaka/A2705/A270501/27058303/dtlphotolst/4/smp2
パティスリー ア・ピエ,,https://tabelog.com/osaka/A2707/A270705/27055629/,毎週月曜日と第３日曜日,柏原駅,ケーキ,-,～￥999,3.11,大阪府 柏原市清州1-4-9 ＵＴＯＰＩＡ　ＫＡＳＨＩＷＡＲＡ　１０３,072-970-5212,7,170,https://tabelog.com/osaka/A2707/A270705/27055629/dtlmenu,https://tabelog.com/osaka/A2707/A270705/27055629/dtlphotolst/3/smp2,https://tabelog.com/osaka/A2707/A270705/27055629/dtlphotolst/4/smp2
パティスリー シエール,,https://tabelog.com/osaka/A2706/A270604/27076573/,不定休,高槻駅,ケーキ,-,￥1000～￥1999,3.11,大阪府 高槻市西真上1-32-10 YDビル 1F,072-685-6060,6,97,https://tabelog.com/osaka/A2706/A270604/27076573/dtlmenu,https://tabelog.com/osaka/A2706/A270604/27076573/dtlphotolst/3/smp2,https://tabelog.com/osaka/A2706/A270604/27076573/dtlphotolst/4/smp2
パティスリーブルス 西店,,https://tabelog.com/osaka/A2707/A270705/27062477/,年中無休,志紀駅,ケーキ,-,～￥999,3.11,大阪府 八尾市志紀町1-11-2 ,072-949-6238,6,149,https://tabelog.com/osaka/A2707/A270705/27062477/dtlmenu,https://tabelog.com/osaka/A2707/A270705/27062477/dtlphotolst/3/smp2,https://tabelog.com/osaka/A2707/A270705/27062477/dtlphotolst/4/smp2
パティスリーモンシェール ファクトリーショップ,（Patisserie Moncheｒ Factory Shop）,https://tabelog.com/osaka/A2706/A270603/27071610/,不定休,北千里駅,ケーキ,-,～￥999,3.10,大阪府 箕面市船場東2-7-44 ,072-749-4499,44,1617,https://tabelog.com/osaka/A2706/A270603/27071610/dtlmenu,https://tabelog.com/osaka/A2706/A270603/27071610/dtlphotolst/3/smp2,https://tabelog.com/osaka/A2706/A270603/27071610/dtlphotolst/4/smp2
パティスリー エピソード,（Patisserie Episode）,https://tabelog.com/osaka/A2705/A270502/27109323/,火曜日、不定休,和泉府中駅,ケーキ 洋菓子（その他）,-,～￥999,3.10,大阪府 和泉市府中町1-21-28 ,0725-40-0140,13,370,https://tabelog.com/osaka/A2705/A270502/27109323/dtlmenu,https://tabelog.com/osaka/A2705/A270502/27109323/dtlphotolst/3/smp2,https://tabelog.com/osaka/A2705/A270502/27109323/dtlphotolst/4/smp2
パティスリーgigi,（ジジ）,https://tabelog.com/osaka/A2706/A270601/27059688/,月曜・火曜日,服部天神駅,ケーキ,-,～￥999,3.10,大阪府 豊中市服部本町2-2-35 ,06-6864-0608,13,307,https://tabelog.com/osaka/A2706/A270601/27059688/dtlmenu,https://tabelog.com/osaka/A2706/A270601/27059688/dtlphotolst/3/smp2,https://tabelog.com/osaka/A2706/A270601/27059688/dtlphotolst/4/smp2
パティスリー・フロンティア,（Patisserie FRONTIER）,https://tabelog.com/osaka/A2705/A270504/27042222/,水曜（祝日の場合は営業）,和泉鳥取駅,ケーキ,-,～￥999,3.10,大阪府 阪南市自然田491-1 ,072-471-2233,11,179,https://tabelog.com/osaka/A2705/A270504/27042222/dtlmenu,https://tabelog.com/osaka/A2705/A270504/27042222/dtlphotolst/3/smp2,https://tabelog.com/osaka/A2705/A270504/27042222/dtlphotolst/4/smp2
パティスリー プリュスプリュス,（PATISSERIE Plus+）,https://tabelog.com/osaka/A2701/A270203/27076143/,水曜,帝塚山三丁目駅,洋菓子（その他）,-,～￥999,3.10,大阪府 大阪市住吉区帝塚山中2-1-10 プロスピリティー 1F,06-6657-5788,9,480,https://tabelog.com/osaka/A2701/A270203/27076143/dtlmenu,https://tabelog.com/osaka/A2701/A270203/27076143/dtlphotolst/3/smp2,https://tabelog.com/osaka/A2701/A270203/27076143/dtlphotolst/4/smp2
パティスリー・ラボ・ツジ,,https://tabelog.com/osaka/A2701/A270203/27092529/,日・祝、土曜不定休,阿倍野駅,ケーキ,-,～￥999,3.10,大阪府 大阪市阿倍野区松崎町3-16-3 ,06-6629-2120,8,267,https://tabelog.com/osaka/A2701/A270203/27092529/dtlmenu,https://tabelog.com/osaka/A2701/A270203/27092529/dtlphotolst/3/smp2,https://tabelog.com/osaka/A2701/A270203/27092529/dtlphotolst/4/smp2
パティスリー カフェ デリーモ  梅田店,（PATISSERIE&CAFE DELIMMO）,https://tabelog.com/osaka/A2701/A270101/27113734/,施設に準じる,西梅田駅,カフェ,￥1000～￥1999,￥1000～￥1999,3.09,大阪府 大阪市北区梅田2-2-22 ハービスPLAZA ENT 2F,06-6346-4877,54,4264,https://tabelog.com/osaka/A2701/A270101/27113734/dtlmenu,https://tabelog.com/osaka/A2701/A270101/27113734/dtlphotolst/3/smp2,https://tabelog.com/osaka/A2701/A270101/27113734/dtlphotolst/4/smp2
パティスリー プラリンチュ,（Patissrie Pralientje）,https://tabelog.com/osaka/A2705/A270502/27089413/,月火（事前予約で定休日でもお渡し可能）,和泉中央駅,ケーキ,-,～￥999,3.09,大阪府 和泉市はつが野1-44-4 ,0725-92-8910,11,314,https://tabelog.com/osaka/A2705/A270502/27089413/dtlmenu,https://tabelog.com/osaka/A2705/A270502/27089413/dtlphotolst/3/smp2,https://tabelog.com/osaka/A2705/A270502/27089413/dtlphotolst/4/smp2
パティスリー ハナハナ,,https://tabelog.com/osaka/A2708/A270802/27017682/,月曜定休日(月曜祝日またはイベント時は翌日休業),富田林駅,ケーキ,～￥999,～￥999,3.09,大阪府 南河内郡河南町山城482-1 ,0721-93-1520,11,150,https://tabelog.com/osaka/A2708/A270802/27017682/dtlmenu,https://tabelog.com/osaka/A2708/A270802/27017682/dtlphotolst/3/smp2,https://tabelog.com/osaka/A2708/A270802/27017682/dtlphotolst/4/smp2
パティスリー グレーヌ・ド・アッシュ,,https://tabelog.com/osaka/A2708/A270803/27056411/,毎週水曜日,三日市町駅,ケーキ スイーツ（その他）,-,～￥999,3.09,大阪府 河内長野市三日市町139-1-106 グランドール木下1F,0721-55-3973,9,337,https://tabelog.com/osaka/A2708/A270803/27056411/dtlmenu,https://tabelog.com/osaka/A2708/A270803/27056411/dtlphotolst/3/smp2,https://tabelog.com/osaka/A2708/A270803/27056411/dtlphotolst/4/smp2
パティスリー&カフェ イチブル,（ICHIBURU）,https://tabelog.com/osaka/A2701/A270201/27107617/,不定休,西大橋駅,ケーキ カフェ ハンバーグ,￥1000～￥1999,～￥999,3.09,大阪府 大阪市西区新町2-13-3 1F,06-6616-9511,8,252,https://tabelog.com/osaka/A2701/A270201/27107617/dtlmenu,https://tabelog.com/osaka/A2701/A270201/27107617/dtlphotolst/3/smp2,https://tabelog.com/osaka/A2701/A270201/27107617/dtlphotolst/4/smp2
パティスリー フェス,（Patisserie face）,https://tabelog.com/osaka/A2701/A270401/27118262/,火曜日,ドーム前千代崎駅,ケーキ,-,～￥999,3.09,大阪府 大阪市西区南堀江4-31-22 ,06-6535-7122,7,192,https://tabelog.com/osaka/A2701/A270401/27118262/dtlmenu,https://tabelog.com/osaka/A2701/A270401/27118262/dtlphotolst/3/smp2,https://tabelog.com/osaka/A2701/A270401/27118262/dtlphotolst/4/smp2
パティスリー ルレ 千林店,（patisserie roule）,https://tabelog.com/osaka/A2701/A270304/27116769/,-,千林大宮駅,ケーキ 洋菓子（その他） スイーツ（その他）,-,～￥999,3.09,大阪府 大阪市旭区千林2-10-31 丸吉ハイツ 1F,06-6955-0155,7,44,https://tabelog.com/osaka/A2701/A270304/27116769/dtlmenu,https://tabelog.com/osaka/A2701/A270304/27116769/dtlphotolst/3/smp2,https://tabelog.com/osaka/A2701/A270304/27116769/dtlphotolst/4/smp2
パティスリー　ネージュ,（ Patissrie Neige）,https://tabelog.com/osaka/A2701/A270105/27077764/,不定休（公式サイトのトップページにあるカレンダーを確認のこと）,阿波座駅,ケーキ,-,～￥999,3.09,大阪府 大阪市西区京町掘3-3-4 ,-,7,141,https://tabelog.com/osaka/A2701/A270105/27077764/dtlmenu,https://tabelog.com/osaka/A2701/A270105/27077764/dtlphotolst/3/smp2,https://tabelog.com/osaka/A2701/A270105/27077764/dtlphotolst/4/smp2
パティスリーワタナベ,,https://tabelog.com/osaka/A2705/A270503/27045479/,第1・３木曜日,熊取駅,ケーキ,-,￥1000～￥1999,3.09,大阪府 泉南郡熊取町大久保中1丁目3-3 ,072-453-6025,7,128,https://tabelog.com/osaka/A2705/A270503/27045479/dtlmenu,https://tabelog.com/osaka/A2705/A270503/27045479/dtlphotolst/3/smp2,https://tabelog.com/osaka/A2705/A270503/27045479/dtlphotolst/4/smp2
パティスリー フリュイルージュ,（patisseris fruits rouges）,https://tabelog.com/osaka/A2706/A270604/27053075/,水曜,万博記念公園駅,ケーキ,-,～￥999,3.09,大阪府 吹田市山田東1-1-6 ,06-6876-1300,6,171,https://tabelog.com/osaka/A2706/A270604/27053075/dtlmenu,https://tabelog.com/osaka/A2706/A270604/27053075/dtlphotolst/3/smp2,https://tabelog.com/osaka/A2706/A270604/27053075/dtlphotolst/4/smp2
パティスリー トイトイトイ,（patisserie toitoitoi）,https://tabelog.com/osaka/A2707/A270703/27119071/,月曜日、火曜日、水曜日、日曜日,ＪＲ俊徳道駅,ケーキ 洋菓子（その他）,-,￥1000～￥1999,3.09,大阪府 東大阪市永和3-7-3 ,-,4,188,https://tabelog.com/osaka/A2707/A270703/27119071/dtlmenu,https://tabelog.com/osaka/A2707/A270703/27119071/dtlphotolst/3/smp2,https://tabelog.com/osaka/A2707/A270703/27119071/dtlphotolst/4/smp2
パティスリー エトワ,（patisserie ettoi）,https://tabelog.com/osaka/A2705/A270501/27094625/,不定休,初芝駅,ケーキ 洋菓子（その他）,-,￥5000～￥5999,3.08,大阪府 堺市東区日置荘西町7丁12-5 ,072-285-4338,9,333,https://tabelog.com/osaka/A2705/A270501/27094625/dtlmenu,https://tabelog.com/osaka/A2705/A270501/27094625/dtlphotolst/3/smp2,https://tabelog.com/osaka/A2705/A270501/27094625/dtlphotolst/4/smp2
パティスリー アマファソン,（patisserie A ma facon）,https://tabelog.com/osaka/A2701/A270203/27119378/,不定休,桃谷駅,ケーキ,-,￥1000～￥1999,3.08,大阪府 大阪市天王寺区烏ケ辻1-5-3 ,06-6777-2440,8,218,https://tabelog.com/osaka/A2701/A270203/27119378/dtlmenu,https://tabelog.com/osaka/A2701/A270203/27119378/dtlphotolst/3/smp2,https://tabelog.com/osaka/A2701/A270203/27119378/dtlphotolst/4/smp2
パティスリーアトリエK,（ケー）,https://tabelog.com/osaka/A2705/A270502/27057315/,水曜（祝日の場合は翌日）,北助松駅,ケーキ,-,～￥999,3.08,大阪府 泉大津市東助松町1-4-21 ,0725-58-6924,8,132,https://tabelog.com/osaka/A2705/A270502/27057315/dtlmenu,https://tabelog.com/osaka/A2705/A270502/27057315/dtlphotolst/3/smp2,https://tabelog.com/osaka/A2705/A270502/27057315/dtlphotolst/4/smp2
パティスリー　ナチュール,,https://tabelog.com/osaka/A2701/A270407/27054137/,水曜日,姫島駅,ケーキ,-,￥1000～￥1999,3.08,大阪府 大阪市西淀川区姫島4-7-6 ,06-6474-1399,7,120,https://tabelog.com/osaka/A2701/A270407/27054137/dtlmenu,https://tabelog.com/osaka/A2701/A270407/27054137/dtlphotolst/3/smp2,https://tabelog.com/osaka/A2701/A270407/27054137/dtlphotolst/4/smp2
patisserie aile,（パティスリー　エル）,https://tabelog.com/osaka/A2701/A270405/27046175/,火曜日,今川駅,ケーキ,-,～￥999,3.08,大阪府 大阪市東住吉区西今川3-11-1 ,06-6705-5151,7,93,https://tabelog.com/osaka/A2701/A270405/27046175/dtlmenu,https://tabelog.com/osaka/A2701/A270405/27046175/dtlphotolst/3/smp2,https://tabelog.com/osaka/A2701/A270405/27046175/dtlphotolst/4/smp2
パティスリー アングルナージュ,（Patisserie ENGRENAGE）,https://tabelog.com/osaka/A2706/A270604/27112182/,月曜日(祝日であっても休み),富田駅,ケーキ バームクーヘン 洋菓子（その他）,-,～￥999,3.08,大阪府 高槻市富田町5-1-19 ,072-609-5138,4,92,https://tabelog.com/osaka/A2706/A270604/27112182/dtlmenu,https://tabelog.com/osaka/A2706/A270604/27112182/dtlphotolst/3/smp2,https://tabelog.com/osaka/A2706/A270604/27112182/dtlphotolst/4/smp2
パティスリー&カフェ ノアズ アーク,（Patisserie&cafe Noah's ark）,https://tabelog.com/osaka/A2706/A270601/27118066/,木曜日、第1・4水曜日,庄内駅,カフェ ケーキ 洋菓子（その他）,-,～￥999,3.07,大阪府 豊中市庄内西町1-1-9 ,06-7508-6706,8,596,https://tabelog.com/osaka/A2706/A270601/27118066/dtlmenu,https://tabelog.com/osaka/A2706/A270601/27118066/dtlphotolst/3/smp2,https://tabelog.com/osaka/A2706/A270601/27118066/dtlphotolst/4/smp2
パティスリー・リスボン 東豊中店,,https://tabelog.com/osaka/A2706/A270602/27096285/,無休,桃山台駅,ケーキ,-,￥1000～￥1999,3.07,大阪府 豊中市東豊中町6-15-45 ,06-6853-5610,8,251,https://tabelog.com/osaka/A2706/A270602/27096285/dtlmenu,https://tabelog.com/osaka/A2706/A270602/27096285/dtlphotolst/3/smp2,https://tabelog.com/osaka/A2706/A270602/27096285/dtlphotolst/4/smp2
パティスリー グラ,（patisserie gura）,https://tabelog.com/osaka/A2701/A270302/27109539/,水曜日、不定休（SNSにて告知）,塚本駅,ケーキ 洋菓子（その他）,-,～￥999,3.07,大阪府 大阪市淀川区塚本2-26-4 1F,06-6476-7760,7,247,https://tabelog.com/osaka/A2701/A270302/27109539/dtlmenu,https://tabelog.com/osaka/A2701/A270302/27109539/dtlphotolst/3/smp2,https://tabelog.com/osaka/A2701/A270302/27109539/dtlphotolst/4/smp2
パティスリー ヌーベル・サンク,（Nouvelle cinq）,https://tabelog.com/osaka/A2705/A270501/27115876/,不定休,石津川駅,ケーキ マカロン 洋菓子（その他）,～￥999,～￥999,3.07,大阪府 堺市西区浜寺石津町中3-7-5 ,072-244-4056,6,95,https://tabelog.com/osaka/A2705/A270501/27115876/dtlmenu,https://tabelog.com/osaka/A2705/A270501/27115876/dtlphotolst/3/smp2,https://tabelog.com/osaka/A2705/A270501/27115876/dtlphotolst/4/smp2
パティスリー ラ フェット 曽根店,（Patisserie La Fête）,https://tabelog.com/osaka/A2706/A270601/27118751/,無休,曽根駅,ケーキ 洋菓子（その他）,-,～￥999,3.07,大阪府 豊中市曽根東町1-10-3 曽根イーストテラス B1F,06-6858-1290,5,111,https://tabelog.com/osaka/A2706/A270601/27118751/dtlmenu,https://tabelog.com/osaka/A2706/A270601/27118751/dtlphotolst/3/smp2,https://tabelog.com/osaka/A2706/A270601/27118751/dtlphotolst/4/smp2
パティスリー エリーユ,（Patisserie Erille）,https://tabelog.com/osaka/A2706/A270604/27117123/,月・火・木・金・土,茨木駅,ケーキ パン,-,～￥999,3.07,大阪府 茨木市西中条町1-11 ,072-622-5966,5,208,https://tabelog.com/osaka/A2706/A270604/27117123/dtlmenu,https://tabelog.com/osaka/A2706/A270604/27117123/dtlphotolst/3/smp2,https://tabelog.com/osaka/A2706/A270604/27117123/dtlphotolst/4/smp2
パティスリー ラオ,（Patisserie RAO）,https://tabelog.com/osaka/A2707/A270702/27092208/,火曜日(不定休あり),宮之阪駅,ケーキ カフェ,～￥999,￥2000～￥2999,3.07,大阪府 枚方市田宮本町1-9 ,072-807-8049,5,96,https://tabelog.com/osaka/A2707/A270702/27092208/dtlmenu,https://tabelog.com/osaka/A2707/A270702/27092208/dtlphotolst/3/smp2,https://tabelog.com/osaka/A2707/A270702/27092208/dtlphotolst/4/smp2
パティスリー グレイス 友井店,（patisserie grace）,https://tabelog.com/osaka/A2707/A270703/27015192/,不定休,弥刀駅,ケーキ 洋菓子（その他）,-,￥1000～￥1999,3.07,大阪府 東大阪市友井2-29-16 サンコート小澤1F,06-6722-0058,5,75,https://tabelog.com/osaka/A2707/A270703/27015192/dtlmenu,https://tabelog.com/osaka/A2707/A270703/27015192/dtlphotolst/3/smp2,https://tabelog.com/osaka/A2707/A270703/27015192/dtlphotolst/4/smp2
パティスリー ルヴィジテ,,https://tabelog.com/osaka/A2701/A270306/27124159/,火曜・水曜,緑橋駅,ケーキ 洋菓子（その他）,-,￥1000～￥1999,3.07,大阪府 大阪市東成区東中本3-16-15 サニーハイツ緑橋　1F,-,4,110,https://tabelog.com/osaka/A2701/A270306/27124159/dtlmenu,https://tabelog.com/osaka/A2701/A270306/27124159/dtlphotolst/3/smp2,https://tabelog.com/osaka/A2701/A270306/27124159/dtlphotolst/4/smp2
パティスリー ニノ,（patisserie NINO）,https://tabelog.com/osaka/A2701/A270307/27120965/,-,ＪＲ淡路駅,ケーキ,-,～￥999,3.06,大阪府 大阪市東淀川区菅原5-11-11 ,06-7220-9167,6,79,https://tabelog.com/osaka/A2701/A270307/27120965/dtlmenu,https://tabelog.com/osaka/A2701/A270307/27120965/dtlphotolst/3/smp2,https://tabelog.com/osaka/A2701/A270307/27120965/dtlphotolst/4/smp2
パティスリー ベック シュクレ トナリエ店,（Patisserie Bec Sucre）,https://tabelog.com/osaka/A2705/A270501/27110840/,トナリエ栂・美木多に準ずる,栂・美木多駅,ケーキ,-,～￥999,3.06,大阪府 堺市南区原山台2-2-1 トナリエ栂・美木多 2F,072-290-6688,6,163,https://tabelog.com/osaka/A2705/A270501/27110840/dtlmenu,https://tabelog.com/osaka/A2705/A270501/27110840/dtlphotolst/3/smp2,https://tabelog.com/osaka/A2705/A270501/27110840/dtlphotolst/4/smp2
パティスリー ムック,（Patisserie Mouque）,https://tabelog.com/osaka/A2701/A270401/27058549/,毎週 火･水曜日、1月1日、12月26日、12月31日,伝法駅,ケーキ スイーツ（その他）,-,～￥999,3.06,大阪府 大阪市此花区高見3-1-30 ,06-6940-6801,4,68,https://tabelog.com/osaka/A2701/A270401/27058549/dtlmenu,https://tabelog.com/osaka/A2701/A270401/27058549/dtlphotolst/3/smp2,https://tabelog.com/osaka/A2701/A270401/27058549/dtlphotolst/4/smp2
パティスリー チェルモ 南田辺店,,https://tabelog.com/osaka/A2701/A270405/27056228/,日曜・水曜,南田辺駅,ケーキ 洋菓子（その他）,～￥999,～￥999,3.06,大阪府 大阪市東住吉区山坂2-9-19 ,06-6629-2341,4,50,https://tabelog.com/osaka/A2701/A270405/27056228/dtlmenu,https://tabelog.com/osaka/A2701/A270405/27056228/dtlphotolst/3/smp2,https://tabelog.com/osaka/A2701/A270405/27056228/dtlphotolst/4/smp2
パティスリー アルル,（Patisserie ARLES）,https://tabelog.com/osaka/A2705/A270504/27115153/,木曜日,尾崎駅,ケーキ 洋菓子（その他）,-,￥1000～￥1999,3.06,大阪府 阪南市鳥取中157-1 ,072-473-0036,3,25,https://tabelog.com/osaka/A2705/A270504/27115153/dtlmenu,https://tabelog.com/osaka/A2705/A270504/27115153/dtlphotolst/3/smp2,https://tabelog.com/osaka/A2705/A270504/27115153/dtlphotolst/4/smp2
パティスリーノグチ,,https://tabelog.com/osaka/A2708/A270803/27096661/,日曜日,河内長野駅,ケーキ,-,～￥999,3.06,大阪府 河内長野市西之山町11-13 103,072-150-2555,3,80,https://tabelog.com/osaka/A2708/A270803/27096661/dtlmenu,https://tabelog.com/osaka/A2708/A270803/27096661/dtlphotolst/3/smp2,https://tabelog.com/osaka/A2708/A270803/27096661/dtlphotolst/4/smp2
パティスリー グランデコ,（patisserie grand deco）,https://tabelog.com/osaka/A2701/A270206/27084374/,水曜,大国町駅,ケーキ,-,～￥999,3.06,大阪府 大阪市浪速区敷津西2-5-6 ,06-6630-8896,3,198,https://tabelog.com/osaka/A2701/A270206/27084374/dtlmenu,https://tabelog.com/osaka/A2701/A270206/27084374/dtlphotolst/3/smp2,https://tabelog.com/osaka/A2701/A270206/27084374/dtlphotolst/4/smp2
パティスリーリヴィエール,（Patisserie Riviere）,https://tabelog.com/osaka/A2708/A270802/27061697/,毎週火曜・第３水曜,喜志駅,ケーキ,-,～￥999,3.06,大阪府 富田林市旭ヶ丘町7-13 ,0721-20-1231,3,77,https://tabelog.com/osaka/A2708/A270802/27061697/dtlmenu,https://tabelog.com/osaka/A2708/A270802/27061697/dtlphotolst/3/smp2,https://tabelog.com/osaka/A2708/A270802/27061697/dtlphotolst/4/smp2
パティスリー  バロン 藤井寺店,,https://tabelog.com/osaka/A2708/A270801/27017690/,無し,藤井寺駅,ケーキ,￥2000～￥2999,￥1000～￥1999,3.06,大阪府 藤井寺市岡1-6-18 ,072-953-0002,3,127,https://tabelog.com/osaka/A2708/A270801/27017690/dtlmenu,https://tabelog.com/osaka/A2708/A270801/27017690/dtlphotolst/3/smp2,https://tabelog.com/osaka/A2708/A270801/27017690/dtlphotolst/4/smp2
パティスリー ナチュール シロモト 京阪百貨店くずは店,,https://tabelog.com/osaka/A2707/A270702/27121699/,-,樟葉駅,ケーキ 洋菓子（その他）,-,-,3.05,大阪府 枚方市楠葉花園町15-1 ,-,4,60,https://tabelog.com/osaka/A2707/A270702/27121699/dtlmenu,https://tabelog.com/osaka/A2707/A270702/27121699/dtlphotolst/3/smp2,https://tabelog.com/osaka/A2707/A270702/27121699/dtlphotolst/4/smp2
パティスリー カオリ,（Patissrie kaori）,https://tabelog.com/osaka/A2705/A270502/27117391/,不定休,羽衣駅,ケーキ 洋菓子（その他）,-,￥1000～￥1999,3.05,大阪府 高石市羽衣2-3-36 ,080-9814-1417,4,149,https://tabelog.com/osaka/A2705/A270502/27117391/dtlmenu,https://tabelog.com/osaka/A2705/A270502/27117391/dtlphotolst/3/smp2,https://tabelog.com/osaka/A2705/A270502/27117391/dtlphotolst/4/smp2
パティスリーマタン,（【旧店名】ぶるうまうんてん）,https://tabelog.com/osaka/A2701/A270305/27102333/,不定休,深江橋駅,ケーキ,～￥999,～￥999,3.05,大阪府 大阪市城東区永田3-2-6 フレンドタウン深江橋 1F,06-6963-8835,4,53,https://tabelog.com/osaka/A2701/A270305/27102333/dtlmenu,https://tabelog.com/osaka/A2701/A270305/27102333/dtlphotolst/3/smp2,https://tabelog.com/osaka/A2701/A270305/27102333/dtlphotolst/4/smp2
SARAS PATISSERIE,,https://tabelog.com/osaka/A2701/A270401/27125749/,-,弁天町駅,ケーキ 洋菓子（その他）,-,～￥999,3.05,大阪府 大阪市港区弁天1-2-1 ,06-6573-3132,2,18,https://tabelog.com/osaka/A2701/A270401/27125749/dtlmenu,https://tabelog.com/osaka/A2701/A270401/27125749/dtlphotolst/3/smp2,https://tabelog.com/osaka/A2701/A270401/27125749/dtlphotolst/4/smp2
パティスリーファルファデ,,https://tabelog.com/osaka/A2707/A270702/27123732/,-,寝屋川公園駅,ケーキ,-,～￥999,3.05,大阪府 寝屋川市打上元町16-1 ,-,2,53,https://tabelog.com/osaka/A2707/A270702/27123732/dtlmenu,https://tabelog.com/osaka/A2707/A270702/27123732/dtlphotolst/3/smp2,https://tabelog.com/osaka/A2707/A270702/27123732/dtlphotolst/4/smp2
パティスリー せんざん,,https://tabelog.com/osaka/A2705/A270503/27113038/,月曜日・火曜日,熊取駅,ケーキ 洋菓子（その他） 大福,￥1000～￥1999,￥1000～￥1999,3.04,大阪府 泉南郡熊取町大久保中1-1-29 ,0724-53-1003,6,116,https://tabelog.com/osaka/A2705/A270503/27113038/dtlmenu,https://tabelog.com/osaka/A2705/A270503/27113038/dtlphotolst/3/smp2,https://tabelog.com/osaka/A2705/A270503/27113038/dtlphotolst/4/smp2
パティスリーチェルモ 初芝店,,https://tabelog.com/osaka/A2705/A270501/27041453/,無休,初芝駅,ケーキ カフェ,-,￥1000～￥1999,3.04,大阪府 堺市東区野尻町537-2 ,072-286-6824,6,101,https://tabelog.com/osaka/A2705/A270501/27041453/dtlmenu,https://tabelog.com/osaka/A2705/A270501/27041453/dtlphotolst/3/smp2,https://tabelog.com/osaka/A2705/A270501/27041453/dtlphotolst/4/smp2
パティスリー プティパニエ,（Patisserie PETIT PANIER）,https://tabelog.com/osaka/A2707/A270702/27104872/,水曜日、不定休 ※インスタグラムに営業日カレンダーあり,香里園駅,洋菓子（その他）,-,～￥999,3.04,大阪府 寝屋川市日新町5-25 ,072-832-0661,3,149,https://tabelog.com/osaka/A2707/A270702/27104872/dtlmenu,https://tabelog.com/osaka/A2707/A270702/27104872/dtlphotolst/3/smp2,https://tabelog.com/osaka/A2707/A270702/27104872/dtlphotolst/4/smp2
パティスリー パリ オーブン,（patisserie PARiS OVEN）,https://tabelog.com/osaka/A2701/A270401/27104568/,火曜日,千鳥橋駅,ケーキ,-,-,3.04,大阪府 大阪市此花区四貫島1-1-41 ,06-6468-6823,3,60,https://tabelog.com/osaka/A2701/A270401/27104568/dtlmenu,https://tabelog.com/osaka/A2701/A270401/27104568/dtlphotolst/3/smp2,https://tabelog.com/osaka/A2701/A270401/27104568/dtlphotolst/4/smp2
パティスリー リエ,,https://tabelog.com/osaka/A2701/A270406/27091021/,日曜日,津守駅,ケーキ,～￥999,￥2000～￥2999,3.04,大阪府 大阪市大正区平尾5-12-10 ,06-7162-4636,3,46,https://tabelog.com/osaka/A2701/A270406/27091021/dtlmenu,https://tabelog.com/osaka/A2701/A270406/27091021/dtlphotolst/3/smp2,https://tabelog.com/osaka/A2701/A270406/27091021/dtlphotolst/4/smp2
パティスリー グーテ,（patisserie gu-te）,https://tabelog.com/osaka/A2701/A270301/27089159/,月曜日・火曜日・水曜日・日曜日,東三国駅,ケーキ スイーツ（その他）,-,～￥999,3.04,大阪府 大阪市淀川区西三国1-2-35 ,06-6393-6166,3,127,https://tabelog.com/osaka/A2701/A270301/27089159/dtlmenu,https://tabelog.com/osaka/A2701/A270301/27089159/dtlphotolst/3/smp2,https://tabelog.com/osaka/A2701/A270301/27089159/dtlphotolst/4/smp2
パティスリー フルリール,（Ptisserie Fleurir）,https://tabelog.com/osaka/A2706/A270604/27088311/,火曜日,摂津市駅,ケーキ,-,～￥999,3.04,大阪府 摂津市庄屋2-5-35 ,06-6383-2058,3,96,https://tabelog.com/osaka/A2706/A270604/27088311/dtlmenu,https://tabelog.com/osaka/A2706/A270604/27088311/dtlphotolst/3/smp2,https://tabelog.com/osaka/A2706/A270604/27088311/dtlphotolst/4/smp2
パティスリー アルル,,https://tabelog.com/osaka/A2707/A270702/27120273/,-,宮之阪駅,ケーキ,-,-,3.04,大阪府 枚方市中宮東之町15-12 1F,072-808-8368,2,30,https://tabelog.com/osaka/A2707/A270702/27120273/dtlmenu,https://tabelog.com/osaka/A2707/A270702/27120273/dtlphotolst/3/smp2,https://tabelog.com/osaka/A2707/A270702/27120273/dtlphotolst/4/smp2
パティスリーマイン,（Patisserie myne）,https://tabelog.com/osaka/A2701/A270101/27116932/,-,中津駅（大阪メトロ）,洋菓子（その他） ケーキ 和菓子,-,￥1000～￥1999,3.04,大阪府 大阪市北区中津1-15-35 キタナガKITCHEN,-,2,155,https://tabelog.com/osaka/A2701/A270101/27116932/dtlmenu,https://tabelog.com/osaka/A2701/A270101/27116932/dtlphotolst/3/smp2,https://tabelog.com/osaka/A2701/A270101/27116932/dtlphotolst/4/smp2
パティスリーほんだ,,https://tabelog.com/osaka/A2706/A270604/27107416/,-,摂津富田駅,ケーキ 洋菓子（その他）,-,～￥999,3.04,大阪府 高槻市宮田町2-4-27 ,072-648-4580,2,82,https://tabelog.com/osaka/A2706/A270604/27107416/dtlmenu,https://tabelog.com/osaka/A2706/A270604/27107416/dtlphotolst/3/smp2,https://tabelog.com/osaka/A2706/A270604/27107416/dtlphotolst/4/smp2
パティスリー ビジュー,（Patisserie bijoux）,https://tabelog.com/osaka/A2701/A270405/27098807/,不定休,加美駅,ケーキ 洋菓子（その他）,～￥999,～￥999,3.04,大阪府 大阪市平野区加美鞍作1-8-1 ,06-6794-0003,2,57,https://tabelog.com/osaka/A2701/A270405/27098807/dtlmenu,https://tabelog.com/osaka/A2701/A270405/27098807/dtlphotolst/3/smp2,https://tabelog.com/osaka/A2701/A270405/27098807/dtlphotolst/4/smp2
パティスリー プティ ボヌール 門真市島頭,（パティスリー petit bongeur）,https://tabelog.com/osaka/A2707/A270701/27096931/,不定休,大和田駅,ケーキ 洋菓子（その他）,-,-,3.04,大阪府 門真市島頭4-8-6 ,072-803-7569,2,35,https://tabelog.com/osaka/A2707/A270701/27096931/dtlmenu,https://tabelog.com/osaka/A2707/A270701/27096931/dtlphotolst/3/smp2,https://tabelog.com/osaka/A2707/A270701/27096931/dtlphotolst/4/smp2
パティスリー ウ アルブル 岸和田店,（patisserie HOUX arbre）,https://tabelog.com/osaka/A2705/A270502/27127679/,月曜日・火曜日,東岸和田駅,ケーキ,-,-,3.03,大阪府 岸和田市作才町1-1-26 ,072-493-9898,1,84,https://tabelog.com/osaka/A2705/A270502/27127679/dtlmenu,https://tabelog.com/osaka/A2705/A270502/27127679/dtlphotolst/3/smp2,https://tabelog.com/osaka/A2705/A270502/27127679/dtlphotolst/4/smp2
パティスリー・ド・パトリス,,https://tabelog.com/osaka/A2705/A270502/27062526/,毎週日曜日,東岸和田駅,ケーキ,～￥999,～￥999,3.02,大阪府 岸和田市土生町2131-1 奥野ビル1F-B,072-426-2666,4,107,https://tabelog.com/osaka/A2705/A270502/27062526/dtlmenu,https://tabelog.com/osaka/A2705/A270502/27062526/dtlphotolst/3/smp2,https://tabelog.com/osaka/A2705/A270502/27062526/dtlphotolst/4/smp2
パティスリー エレオノール,（ELEONORE）,https://tabelog.com/osaka/A2707/A270702/27117897/,-,香里園駅,ケーキ 洋菓子（その他）,￥1000～￥1999,￥1000～￥1999,3.02,大阪府 寝屋川市香里新町3-13 ,072-802-0101,3,72,https://tabelog.com/osaka/A2707/A270702/27117897/dtlmenu,https://tabelog.com/osaka/A2707/A270702/27117897/dtlphotolst/3/smp2,https://tabelog.com/osaka/A2707/A270702/27117897/dtlphotolst/4/smp2
パティスリー バロン イオン藤井寺SC店,（PATISSERIE BARON）,https://tabelog.com/osaka/A2708/A270801/27113371/,-,藤井寺駅,ケーキ 洋菓子（その他）,-,～￥999,3.02,大阪府 藤井寺市岡2-10-11 イオン藤井寺ショッピングセンター 1F,072-978-8078,2,23,https://tabelog.com/osaka/A2708/A270801/27113371/dtlmenu,https://tabelog.com/osaka/A2708/A270801/27113371/dtlphotolst/3/smp2,https://tabelog.com/osaka/A2708/A270801/27113371/dtlphotolst/4/smp2
パティスリー ユニワ,（patisserie uniwa）,https://tabelog.com/osaka/A2707/A270702/27100959/,-,樟葉駅,ケーキ,～￥999,-,3.02,大阪府 枚方市南楠葉1-7-10 ローズコーポ 102,072-807-4355,2,77,https://tabelog.com/osaka/A2707/A270702/27100959/dtlmenu,https://tabelog.com/osaka/A2707/A270702/27100959/dtlphotolst/3/smp2,https://tabelog.com/osaka/A2707/A270702/27100959/dtlphotolst/4/smp2
ラ パティスリー アミ,（la patisserie amie）,https://tabelog.com/osaka/A2701/A270304/27080970/,日曜日,新森古市駅,カフェ ケーキ,-,～￥999,3.02,大阪府 大阪市旭区新森4-12-17 ホワイトハイツ 105,06-6954-8506,2,59,https://tabelog.com/osaka/A2701/A270304/27080970/dtlmenu,https://tabelog.com/osaka/A2701/A270304/27080970/dtlphotolst/3/smp2,https://tabelog.com/osaka/A2701/A270304/27080970/dtlphotolst/4/smp2
パティスリー ルピナス,（Patisserie Lupinus）,https://tabelog.com/osaka/A2705/A270504/27120199/,月曜日、火曜日不定休(インスタで休業日を確認してから訪問してください),箱作駅,ケーキ 洋菓子（その他）,-,￥1000～￥1999,3.02,大阪府 阪南市箱作701-1 ,072-479-5100,1,22,https://tabelog.com/osaka/A2705/A270504/27120199/dtlmenu,https://tabelog.com/osaka/A2705/A270504/27120199/dtlphotolst/3/smp2,https://tabelog.com/osaka/A2705/A270504/27120199/dtlphotolst/4/smp2
パティスリー シエル・ヴァン 岡店,（Patisserie Ciel Vent）,https://tabelog.com/osaka/A2708/A270801/27117382/,-,藤井寺駅,洋菓子（その他） ケーキ,-,～￥999,3.02,大阪府 藤井寺市岡2-1-1 ,072-937-1139,1,15,https://tabelog.com/osaka/A2708/A270801/27117382/dtlmenu,https://tabelog.com/osaka/A2708/A270801/27117382/dtlphotolst/3/smp2,https://tabelog.com/osaka/A2708/A270801/27117382/dtlphotolst/4/smp2
パティスリー エモーション,（patisserie emotions）,https://tabelog.com/osaka/A2701/A270406/27115811/,月曜日、火曜日、水曜日、木曜日、日曜日,花園町駅,洋菓子（その他）,-,￥1000～￥1999,3.02,大阪府 大阪市西成区梅南1-3-6 ,06-7508-8502,1,69,https://tabelog.com/osaka/A2701/A270406/27115811/dtlmenu,https://tabelog.com/osaka/A2701/A270406/27115811/dtlphotolst/3/smp2,https://tabelog.com/osaka/A2701/A270406/27115811/dtlphotolst/4/smp2
パティスリー ミル プランタン,（Patisserie Mille Printemps）,https://tabelog.com/osaka/A2706/A270602/27100236/,-,千里丘駅,ケーキ,-,￥2000～￥2999,3.02,大阪府 吹田市山田南30-10 光マンション 106,06-6155-9071,1,31,https://tabelog.com/osaka/A2706/A270602/27100236/dtlmenu,https://tabelog.com/osaka/A2706/A270602/27100236/dtlphotolst/3/smp2,https://tabelog.com/osaka/A2706/A270602/27100236/dtlphotolst/4/smp2
パティスリー イグレック オガワ,（PATISSERIE Y.OGAWA）,https://tabelog.com/osaka/A2707/A270705/27117967/,木曜日,河内山本駅,ケーキ パン,-,￥1000～￥1999,3.01,大阪府 八尾市東山本町1-9-9 ,072-923-5268,3,44,https://tabelog.com/osaka/A2707/A270705/27117967/dtlmenu,https://tabelog.com/osaka/A2707/A270705/27117967/dtlphotolst/3/smp2,https://tabelog.com/osaka/A2707/A270705/27117967/dtlphotolst/4/smp2
パティスリー コエリ,（Patisserie Coeri）,https://tabelog.com/osaka/A2706/A270601/27120907/,不定休,蛍池駅,ケーキ,-,-,3.01,大阪府 豊中市蛍池東町2-5-25 ,06-6845-8170,1,161,https://tabelog.com/osaka/A2706/A270601/27120907/dtlmenu,https://tabelog.com/osaka/A2706/A270601/27120907/dtlphotolst/3/smp2,https://tabelog.com/osaka/A2706/A270601/27120907/dtlphotolst/4/smp2
パティスリー・シャン,（patisserie.champs）,https://tabelog.com/osaka/A2706/A270604/27108023/,-,茨木駅,ケーキ 洋菓子（その他）,-,￥1000～￥1999,3.01,大阪府 茨木市春日1-13-29 ,072-621-0160,1,62,https://tabelog.com/osaka/A2706/A270604/27108023/dtlmenu,https://tabelog.com/osaka/A2706/A270604/27108023/dtlphotolst/3/smp2,https://tabelog.com/osaka/A2706/A270604/27108023/dtlphotolst/4/smp2
パティスリーモリタ イオンモール四條畷店,,https://tabelog.com/osaka/A2707/A270704/27088213/,不定休(イオンモール四條畷に準ずる),忍ケ丘駅,ケーキ スイーツ（その他）,￥3000～￥3999,-,3.00,大阪府 四條畷市砂4-3-2 イオンモール四條畷 1F,072-803-0074,8,62,https://tabelog.com/osaka/A2707/A270704/27088213/dtlmenu,https://tabelog.com/osaka/A2707/A270704/27088213/dtlphotolst/3/smp2,https://tabelog.com/osaka/A2707/A270704/27088213/dtlphotolst/4/smp2
パティスリーデコ,（patisserie DeCo）,https://tabelog.com/osaka/A2701/A270203/27076006/,水曜日,西田辺駅,ケーキ,～￥999,￥5000～￥5999,3.00,大阪府 大阪市東住吉区山坂4-5-1 ,06-6609-1022,5,80,https://tabelog.com/osaka/A2701/A270203/27076006/dtlmenu,https://tabelog.com/osaka/A2701/A270203/27076006/dtlphotolst/3/smp2,https://tabelog.com/osaka/A2701/A270203/27076006/dtlphotolst/4/smp2
パティスリー エル 東大阪店,（patisserie aile）,https://tabelog.com/osaka/A2707/A270703/27118150/,無休,布施駅,ケーキ,-,-,3.00,大阪府 東大阪市長堂1-1-1 近鉄百貨店東大阪店 1F,-,3,14,https://tabelog.com/osaka/A2707/A270703/27118150/dtlmenu,https://tabelog.com/osaka/A2707/A270703/27118150/dtlphotolst/3/smp2,https://tabelog.com/osaka/A2707/A270703/27118150/dtlphotolst/4/smp2
パティスリーサタケ,,https://tabelog.com/osaka/A2701/A270405/27107879/,水曜日(祝日の場合営業・翌日休み),平野駅（大阪メトロ）,ケーキ,-,-,3.00,大阪府 大阪市平野区流町1-5-17 ヴィラ寿,06-6760-6199,3,137,https://tabelog.com/osaka/A2701/A270405/27107879/dtlmenu,https://tabelog.com/osaka/A2701/A270405/27107879/dtlphotolst/3/smp2,https://tabelog.com/osaka/A2701/A270405/27107879/dtlphotolst/4/smp2
パティスリー ル・プルニエ,（pâtisserie le Prunier）,https://tabelog.com/osaka/A2705/A270503/27116182/,土曜日、不定休(公式サイトにて告知),日根野駅,ケーキ 洋菓子（その他）,-,-,3.00,大阪府 泉南郡熊取町大久保南3-1392-21 ,072-453-2227,2,15,https://tabelog.com/osaka/A2705/A270503/27116182/dtlmenu,https://tabelog.com/osaka/A2705/A270503/27116182/dtlphotolst/3/smp2,https://tabelog.com/osaka/A2705/A270503/27116182/dtlphotolst/4/smp2
パティスリーアルモンド 今津中店,（Patisserie ALmond ）,https://tabelog.com/osaka/A2701/A270305/27110107/,水曜日（祝日除く）,放出駅,ケーキ,-,-,3.00,大阪府 大阪市鶴見区今津中1-6-16 ,06-6961-6645,2,16,https://tabelog.com/osaka/A2701/A270305/27110107/dtlmenu,https://tabelog.com/osaka/A2701/A270305/27110107/dtlphotolst/3/smp2,https://tabelog.com/osaka/A2701/A270305/27110107/dtlphotolst/4/smp2
patisserie Eiffel,（パティスリー エッフェル）,https://tabelog.com/osaka/A2705/A270501/27128427/,-,深井駅,ケーキ,-,-,3.00,大阪府 堺市中区深井清水町3969-1 ,070-8906-6552,1,12,https://tabelog.com/osaka/A2705/A270501/27128427/dtlmenu,https://tabelog.com/osaka/A2705/A270501/27128427/dtlphotolst/3/smp2,https://tabelog.com/osaka/A2705/A270501/27128427/dtlphotolst/4/smp2
パティスリー モリタ レガーロ 寝屋川店,（Patisserie Morita）,https://tabelog.com/osaka/A2707/A270702/27125678/,-,星田駅,ケーキ,-,-,3.00,大阪府 寝屋川市寝屋南2-1-22 ,072-812-5820,1,13,https://tabelog.com/osaka/A2707/A270702/27125678/dtlmenu,https://tabelog.com/osaka/A2707/A270702/27125678/dtlphotolst/3/smp2,https://tabelog.com/osaka/A2707/A270702/27125678/dtlphotolst/4/smp2
パティスリー モリタ レガーロ,（PATISSERIE MORITA REGALO）,https://tabelog.com/osaka/A2707/A270702/27124612/,-,星田駅,ケーキ,-,-,3.00,大阪府 寝屋川市寝屋南2-1-22 ,072-812-5820,1,9,https://tabelog.com/osaka/A2707/A270702/27124612/dtlmenu,https://tabelog.com/osaka/A2707/A270702/27124612/dtlphotolst/3/smp2,https://tabelog.com/osaka/A2707/A270702/27124612/dtlphotolst/4/smp2
パティスリー ヨン,（PATISSERIE YONN）,https://tabelog.com/osaka/A2701/A270305/27109878/,不定休,野江駅,ケーキ 洋菓子（その他）,-,￥1000～￥1999,3.00,大阪府 大阪市城東区関目1-3-1-102 ,06-4255-3011,1,197,https://tabelog.com/osaka/A2701/A270305/27109878/dtlmenu,https://tabelog.com/osaka/A2701/A270305/27109878/dtlphotolst/3/smp2,https://tabelog.com/osaka/A2701/A270305/27109878/dtlphotolst/4/smp2
パティスリーとっと,,https://tabelog.com/osaka/A2701/A270101/27103607/,土曜日・日曜日・祝日・年末年始,大阪駅,パン,-,-,3.00,大阪府 大阪市北区大淀中1-1-90 梅田スカイビル B1F,06-6346-5755,1,9,https://tabelog.com/osaka/A2701/A270101/27103607/dtlmenu,https://tabelog.com/osaka/A2701/A270101/27103607/dtlphotolst/3/smp2,https://tabelog.com/osaka/A2701/A270101/27103607/dtlphotolst/4/smp2
パティスリー　シュシュ,,https://tabelog.com/osaka/A2708/A270803/27075418/,火曜日,河内長野駅,ケーキ,-,￥1000～￥1999,3.00,大阪府 河内長野市錦町11-5 ,-,1,93,https://tabelog.com/osaka/A2708/A270803/27075418/dtlmenu,https://tabelog.com/osaka/A2708/A270803/27075418/dtlphotolst/3/smp2,https://tabelog.com/osaka/A2708/A270803/27075418/dtlphotolst/4/smp2
パティスリーラボ ソアラ,（Patisserie labo soara）,https://tabelog.com/osaka/A2705/A270501/27130618/,月曜日、月1回土曜日と日曜日,寺地町駅,ケーキ 洋菓子（その他）,-,￥1000～￥1999,-,大阪府 堺市堺区一条通9-8 ,080-1445-3692,2,5,https://tabelog.com/osaka/A2705/A270501/27130618/dtlmenu,https://tabelog.com/osaka/A2705/A270501/27130618/dtlphotolst/3/smp2,https://tabelog.com/osaka/A2705/A270501/27130618/dtlphotolst/4/smp2
パティスリー チョコが好き,,https://tabelog.com/osaka/A2705/A270501/27131157/,無休,光明池駅,チョコレート 洋菓子（その他）,￥1000～￥1999,￥1000～￥1999,-,大阪府 堺市南区鴨谷台2-2-1 サンピア本館 1F,072-349-3857,1,15,https://tabelog.com/osaka/A2705/A270501/27131157/dtlmenu,https://tabelog.com/osaka/A2705/A270501/27131157/dtlphotolst/3/smp2,https://tabelog.com/osaka/A2705/A270501/27131157/dtlphotolst/4/smp2
パティスリー マ・クール  イオンスタイル四條畷店,（ma couleur）,https://tabelog.com/osaka/A2707/A270704/27112460/,-,忍ケ丘駅,バームクーヘン,-,-,-,大阪府 四條畷市砂4-3-2 イオンモール四条畷,070-5014-1997,1,8,https://tabelog.com/osaka/A2707/A270704/27112460/dtlmenu,https://tabelog.com/osaka/A2707/A270704/27112460/dtlphotolst/3/smp2,https://tabelog.com/osaka/A2707/A270704/27112460/dtlphotolst/4/smp2
パティスリー ナツロウ,（PATISSERIE Natsuro）,https://tabelog.com/osaka/A2706/A270602/27108924/,水曜日、第1・第3火曜日,公園東口駅,ケーキ,-,-,-,大阪府 吹田市清水8-12 ルミエールしみず 1F,06-6876-6780,1,97,https://tabelog.com/osaka/A2706/A270602/27108924/dtlmenu,https://tabelog.com/osaka/A2706/A270602/27108924/dtlphotolst/3/smp2,https://tabelog.com/osaka/A2706/A270602/27108924/dtlphotolst/4/smp2
パティスリー ベックシュクレ 泉ヶ丘店,（Pstisserie Bec Sucre）,https://tabelog.com/osaka/A2705/A270501/27130021/,-,泉ケ丘駅,ケーキ,-,-,-,大阪府 堺市南区三原台1-1-3 ジョイパーク泉ヶ丘 1F,072-290-0008,-,2,https://tabelog.com/osaka/A2705/A270501/27130021/dtlmenu,https://tabelog.com/osaka/A2705/A270501/27130021/dtlphotolst/3/smp2,https://tabelog.com/osaka/A2705/A270501/27130021/dtlphotolst/4/smp2
パティスリー レ・フレール,（Patisserie Les Freres）,https://tabelog.com/osaka/A2707/A270702/27121012/,月曜日 (祝日の場合営業),寝屋川市駅,ケーキ,-,￥1000～￥1999,-,大阪府 寝屋川市清水町26-3 ,072-800-5030,-,19,https://tabelog.com/osaka/A2707/A270702/27121012/dtlmenu,https://tabelog.com/osaka/A2707/A270702/27121012/dtlphotolst/3/smp2,https://tabelog.com/osaka/A2707/A270702/27121012/dtlphotolst/4/smp2
Patisserie Ravie relier,（パティスリー ラヴィルリエ）,https://tabelog.com/osaka/A2701/A270103/27044987/,日曜（その他不定休あり　※公式インスタグラムを参照してください）,中崎町駅,ケーキ パン,￥1000～￥1999,￥1000～￥1999,3.90,大阪府 大阪市北区山崎町5-13 ,06-6313-3688,765,50597,https://tabelog.com/osaka/A2701/A270103/27044987/dtlmenu,https://tabelog.com/osaka/A2701/A270103/27044987/dtlphotolst/3/smp2,https://tabelog.com/osaka/A2701/A270103/27044987/dtlphotolst/4/smp2
Patisserie uguis-ya,（パティスリー・ウグイスヤ）,https://tabelog.com/osaka/A2707/A270704/27014860/,水曜日,河内森駅,ケーキ カフェ・喫茶（その他）,￥1000～￥1999,￥1000～￥1999,3.14,大阪府 交野市藤が尾4-5-22 ,072-891-4873,6,138,https://tabelog.com/osaka/A2707/A270704/27014860/dtlmenu,https://tabelog.com/osaka/A2707/A270704/27014860/dtlphotolst/3/smp2,https://tabelog.com/osaka/A2707/A270704/27014860/dtlphotolst/4/smp2
パティスリー　フェス 上本町店,,https://tabelog.com/osaka/A2701/A270205/27130825/,-,谷町九丁目駅,ケーキ,-,-,3.00,大阪府 大阪市天王寺区上汐2-3-6 上汐中央ビル一階,06-6768-1588,2,17,https://tabelog.com/osaka/A2701/A270205/27130825/dtlmenu,https://tabelog.com/osaka/A2701/A270205/27130825/dtlphotolst/3/smp2,https://tabelog.com/osaka/A2701/A270205/27130825/dtlphotolst/4/smp2
パテｲスリー・オートン・ドゥース,,https://tabelog.com/osaka/A2705/A270501/27014271/,水曜日,北野田駅,ケーキ,-,～￥999,3.32,大阪府 堺市東区丈六93-5 プロムナードビル１階,072-235-7199,27,652,https://tabelog.com/osaka/A2705/A270501/27014271/dtlmenu,https://tabelog.com/osaka/A2705/A270501/27014271/dtlphotolst/3/smp2,https://tabelog.com/osaka/A2705/A270501/27014271/dtlphotolst/4/smp2
パティスリーラボ ソアラ,（ptisserie labo soara）,https://tabelog.com/osaka/A2705/A270501/27103435/,不定休,富木駅,ケーキ,-,￥1000～￥1999,3.04,大阪府 堺市西区菱木1-2233-26 ,-,3,52,https://tabelog.com/osaka/A2705/A270501/27103435/dtlmenu,https://tabelog.com/osaka/A2705/A270501/27103435/dtlphotolst/3/smp2,https://tabelog.com/osaka/A2705/A270501/27103435/dtlphotolst/4/smp2
パティスリー・ケ・モンテベロ 北新地店,（Patisserie quai montebello）,https://tabelog.com/osaka/A2701/A270101/27092038/,月曜.火曜.水曜,大江橋駅,ケーキ カフェ,～￥999,￥1000～￥1999,3.68,大阪府 大阪市北区堂島浜1-2-1 新ダイビル 1F,-,79,5322,https://tabelog.com/osaka/A2701/A270101/27092038/dtlmenu,https://tabelog.com/osaka/A2701/A270101/27092038/dtlphotolst/3/smp2,https://tabelog.com/osaka/A2701/A270101/27092038/dtlphotolst/4/smp2
パティスリー アンシャンテ,（Patisserie Enchante）,https://tabelog.com/osaka/A2706/A270604/27063015/,火曜日,高槻市駅,ケーキ カフェ,～￥999,～￥999,3.40,大阪府 高槻市北園町1-29 ,-,35,1181,https://tabelog.com/osaka/A2706/A270604/27063015/dtlmenu,https://tabelog.com/osaka/A2706/A270604/27063015/dtlphotolst/3/smp2,https://tabelog.com/osaka/A2706/A270604/27063015/dtlphotolst/4/smp2
パティスリー ラ･ヴワル,,https://tabelog.com/osaka/A2707/A270703/27043646/,火曜日,弥刀駅,ケーキ,-,～￥999,3.25,大阪府 東大阪市大蓮北2-3-4 ,-,4,28,https://tabelog.com/osaka/A2707/A270703/27043646/dtlmenu,https://tabelog.com/osaka/A2707/A270703/27043646/dtlphotolst/3/smp2,https://tabelog.com/osaka/A2707/A270703/27043646/dtlphotolst/4/smp2
パティスリー ミヤモト タカシマヤ大阪店,（MIYAMOTO）,https://tabelog.com/osaka/A2701/A270202/27006467/,不定休（高島屋に準ずる）,難波駅（南海）,ケーキ,￥1000～￥1999,～￥999,3.19,大阪府 大阪市中央区難波5-1-5 大阪タカシマヤ  B1F,-,13,75,https://tabelog.com/osaka/A2701/A270202/27006467/dtlmenu,https://tabelog.com/osaka/A2701/A270202/27006467/dtlphotolst/3/smp2,https://tabelog.com/osaka/A2701/A270202/27006467/dtlphotolst/4/smp2
パティスリー ユウシン スイート&カフェ 上牧二十四節記店,（patissery yushin sweet&Cafe）,https://tabelog.com/osaka/A2706/A270604/27099715/,水曜日,上牧駅,カフェ ケーキ 洋菓子（その他）,-,￥1000～￥1999,3.18,大阪府 高槻市神内2-1-26 ,-,8,185,https://tabelog.com/osaka/A2706/A270604/27099715/dtlmenu,https://tabelog.com/osaka/A2706/A270604/27099715/dtlphotolst/3/smp2,https://tabelog.com/osaka/A2706/A270604/27099715/dtlphotolst/4/smp2
パティスリー エレオノール,,https://tabelog.com/osaka/A2706/A270604/27067300/,不定休,高槻駅,ケーキ,～￥999,￥2000～￥2999,3.14,大阪府 高槻市白梅町61-1 ジオタワー高槻ミューズフロント 3F,-,11,176,https://tabelog.com/osaka/A2706/A270604/27067300/dtlmenu,https://tabelog.com/osaka/A2706/A270604/27067300/dtlphotolst/3/smp2,https://tabelog.com/osaka/A2706/A270604/27067300/dtlphotolst/4/smp2
パティスリー アンナ,（パティスリー アンナ (Patisserie anna)）,https://tabelog.com/osaka/A2701/A270105/27106415/,水曜日,西長堀駅,ケーキ カフェ,～￥999,～￥999,3.08,大阪府 大阪市西区南堀江3-12-24 ,-,6,129,https://tabelog.com/osaka/A2701/A270105/27106415/dtlmenu,https://tabelog.com/osaka/A2701/A270105/27106415/dtlphotolst/3/smp2,https://tabelog.com/osaka/A2701/A270105/27106415/dtlphotolst/4/smp2
パティスリーアルケミスト,（Patisserie Alchemist）,https://tabelog.com/osaka/A2701/A270203/27062034/,無休（年末年始12月27日～1月4日まで休み）,昭和町駅,パン ケーキ,-,～￥999,3.00,大阪府 大阪市阿倍野区昭和町1丁目20-22 文の里商店街内,-,3,74,https://tabelog.com/osaka/A2701/A270203/27062034/dtlmenu,https://tabelog.com/osaka/A2701/A270203/27062034/dtlphotolst/3/smp2,https://tabelog.com/osaka/A2701/A270203/27062034/dtlphotolst/4/smp2
パティスリーシュクレ あべのキューズモール,,https://tabelog.com/osaka/A2701/A270203/27056913/,あべのキューズモールの休業日に準ずる,阿倍野駅,ケーキ,～￥999,～￥999,3.00,大阪府 大阪市阿倍野区阿倍野筋1-6-1 あべのキューズモール  B1F,-,2,13,https://tabelog.com/osaka/A2701/A270203/27056913/dtlmenu,https://tabelog.com/osaka/A2701/A270203/27056913/dtlphotolst/3/smp2,https://tabelog.com/osaka/A2701/A270203/27056913/dtlphotolst/4/smp2
パティスリー・ケ・モンテベロ 岸辺店,（Patisserie quai montebello）,https://tabelog.com/osaka/A2706/A270602/27013331/,月曜日・火曜日・不定休 ※公式サイトに営業日カレンダーあり,岸辺駅,ケーキ マカロン,-,～￥999,3.80,大阪府 吹田市岸部北5-20-3 ,-,315,6887,https://tabelog.com/osaka/A2706/A270602/27013331/dtlmenu,https://tabelog.com/osaka/A2706/A270602/27013331/dtlphotolst/3/smp2,https://tabelog.com/osaka/A2706/A270602/27013331/dtlphotolst/4/smp2
カフェ＆パティスリーパンジー,,https://tabelog.com/osaka/A2701/A270101/27004654/,-,大阪梅田駅（阪急）,カフェ ケーキ パン,-,～￥999,3.26,大阪府 大阪市北区芝田1-1-4 阪急ターミナルビル　１Ｆ,-,22,116,https://tabelog.com/osaka/A2701/A270101/27004654/dtlmenu,https://tabelog.com/osaka/A2701/A270101/27004654/dtlphotolst/3/smp2,https://tabelog.com/osaka/A2701/A270101/27004654/dtlphotolst/4/smp2
パティスリーボンボワ,,https://tabelog.com/osaka/A2707/A270702/27057693/,水曜日,光善寺駅,ケーキ,～￥999,～￥999,3.26,大阪府 枚方市山之上西町27-30 ロイヤルハイツさつき丘1F,-,7,57,https://tabelog.com/osaka/A2707/A270702/27057693/dtlmenu,https://tabelog.com/osaka/A2707/A270702/27057693/dtlphotolst/3/smp2,https://tabelog.com/osaka/A2707/A270702/27057693/dtlphotolst/4/smp2
パティスリー ジ アース カフェ Nu Chayamachi店,（Patisserie the earth cafe）,https://tabelog.com/osaka/A2701/A270101/27004329/,不定休（NU chayamachiに準ずる）,大阪梅田駅（阪急）,ケーキ,～￥999,-,3.25,大阪府 大阪市北区茶屋町10-12 NU茶屋町  1F,-,17,317,https://tabelog.com/osaka/A2701/A270101/27004329/dtlmenu,https://tabelog.com/osaka/A2701/A270101/27004329/dtlphotolst/3/smp2,https://tabelog.com/osaka/A2701/A270101/27004329/dtlphotolst/4/smp2
パティスリー ポルト,,https://tabelog.com/osaka/A2701/A270106/27093899/,日曜　第１，３月曜日,本町駅,ケーキ,～￥999,～￥999,3.13,大阪府 大阪市西区阿波座1-9-18 ,-,10,428,https://tabelog.com/osaka/A2701/A270106/27093899/dtlmenu,https://tabelog.com/osaka/A2701/A270106/27093899/dtlphotolst/3/smp2,https://tabelog.com/osaka/A2701/A270106/27093899/dtlphotolst/4/smp2
パティスリー・ウルー,（PATISSERIE HEUREUX）,https://tabelog.com/osaka/A2705/A270501/27096468/,木曜日,上野芝駅,ケーキ 洋菓子（その他）,-,￥1000～￥1999,3.12,大阪府 堺市西区上野芝町3丁7-41 ,-,8,129,https://tabelog.com/osaka/A2705/A270501/27096468/dtlmenu,https://tabelog.com/osaka/A2705/A270501/27096468/dtlphotolst/3/smp2,https://tabelog.com/osaka/A2705/A270501/27096468/dtlphotolst/4/smp2
パティスリー ジョーカー エキマルシェ新大阪店,,https://tabelog.com/osaka/A2701/A270301/27086458/,無休,新大阪駅,バームクーヘン,～￥999,￥2000～￥2999,3.09,大阪府 大阪市淀川区西中島5-16-1 JR東海新大阪駅,-,12,314,https://tabelog.com/osaka/A2701/A270301/27086458/dtlmenu,https://tabelog.com/osaka/A2701/A270301/27086458/dtlphotolst/3/smp2,https://tabelog.com/osaka/A2701/A270301/27086458/dtlphotolst/4/smp2
パティスリー ノワ,（Patisserie NOIX）,https://tabelog.com/osaka/A2708/A270803/27024210/,定休日： 毎週火・水・木曜日,千早口駅,カフェ ケーキ 紅茶専門店,-,￥1000～￥1999,3.06,大阪府 河内長野市美加の台5-6-1 ,-,6,183,https://tabelog.com/osaka/A2708/A270803/27024210/dtlmenu,https://tabelog.com/osaka/A2708/A270803/27024210/dtlphotolst/3/smp2,https://tabelog.com/osaka/A2708/A270803/27024210/dtlphotolst/4/smp2
パティスリー ジョーカー 京阪百貨店 ひらかた店,（PATISSERIE JOKER）,https://tabelog.com/osaka/A2707/A270702/27087515/,不定休(京阪百貨店ひらかた店に準ずる),枚方市駅,ケーキ バームクーヘン,￥2000～￥2999,￥1000～￥1999,3.05,大阪府 枚方市岡東町19-19 京阪百貨店ひらかた店  1F,-,4,223,https://tabelog.com/osaka/A2707/A270702/27087515/dtlmenu,https://tabelog.com/osaka/A2707/A270702/27087515/dtlphotolst/3/smp2,https://tabelog.com/osaka/A2707/A270702/27087515/dtlphotolst/4/smp2
パティスリーワイスタイル 三国店,（ystyle）,https://tabelog.com/osaka/A2701/A270302/27110831/,火曜日,三国駅,ケーキ マカロン 洋菓子（その他）,～￥999,～￥999,3.04,大阪府 大阪市淀川区三国本町3-36-18 ,-,2,20,https://tabelog.com/osaka/A2701/A270302/27110831/dtlmenu,https://tabelog.com/osaka/A2701/A270302/27110831/dtlphotolst/3/smp2,https://tabelog.com/osaka/A2701/A270302/27110831/dtlphotolst/4/smp2
パティスリー シュシュ ノバティながの店,,https://tabelog.com/osaka/A2708/A270803/27119286/,-,河内長野駅,ケーキ カフェ,～￥999,～￥999,3.02,大阪府 河内長野市本町24-1 ノバティながの 1F,-,1,12,https://tabelog.com/osaka/A2708/A270803/27119286/dtlmenu,https://tabelog.com/osaka/A2708/A270803/27119286/dtlphotolst/3/smp2,https://tabelog.com/osaka/A2708/A270803/27119286/dtlphotolst/4/smp2
パティスリー パレット,（patisserie Palette）,https://tabelog.com/osaka/A2707/A270702/27081010/,-,寝屋川市駅,ケーキ,-,-,-,大阪府 寝屋川市東大利町10-7 ,-,1,15,https://tabelog.com/osaka/A2707/A270702/27081010/dtlmenu,https://tabelog.com/osaka/A2707/A270702/27081010/dtlphotolst/3/smp2,https://tabelog.com/osaka/A2707/A270702/27081010/dtlphotolst/4/smp2
