name,subname,url,holiday,nearest,genre,price_dinner,price_lunch,star,address,tel,reviews,bookmarks,menu_url,photo_out,photo_in,city
近江屋洋菓子店 神田店,（オウミヤヨウガシテン）,https://tabelog.com/tokyo/A1310/A131002/13000337/,無休,淡路町駅,ケーキ パン ジュースバー,～￥999,～￥999,3.71,東京都 千代田区神田淡路町2-4 ,03-3251-1088,658,38739,https://tabelog.com/tokyo/A1310/A131002/13000337/dtlmenu,https://tabelog.com/tokyo/A1310/A131002/13000337/dtlphotolst/3/smp2,https://tabelog.com/tokyo/A1310/A131002/13000337/dtlphotolst/4/smp2,千代田区
函館洋菓子スナッフルス 有楽町店,,https://tabelog.com/tokyo/A1301/A130102/13161184/,不定休(東京交通会館に準ずる),有楽町駅,洋菓子（その他） ケーキ,-,￥1000～￥1999,3.54,東京都 千代田区有楽町2-10-1 東京交通会館  1F,090-3393-5888,106,5148,https://tabelog.com/tokyo/A1301/A130102/13161184/dtlmenu,https://tabelog.com/tokyo/A1301/A130102/13161184/dtlphotolst/3/smp2,https://tabelog.com/tokyo/A1301/A130102/13161184/dtlphotolst/4/smp2,千代田区
ローザー洋菓子店,（ローザー・ヨウガシテン）,https://tabelog.com/tokyo/A1308/A130803/13006394/,土曜・日曜・祝日,半蔵門駅,ケーキ 洋菓子（その他）,-,～￥999,3.53,東京都 千代田区麹町2-2 １Ｆ,03-3261-2971,80,8199,https://tabelog.com/tokyo/A1308/A130803/13006394/dtlmenu,https://tabelog.com/tokyo/A1308/A130803/13006394/dtlphotolst/3/smp2,https://tabelog.com/tokyo/A1308/A130803/13006394/dtlphotolst/4/smp2,千代田区
東京洋菓子倶楽部,（トウキョウヨウガシクラブ）,https://tabelog.com/tokyo/A1302/A130204/13003734/,第1・3日曜日,浜町駅,ケーキ 喫茶店 チョコレート,～￥999,～￥999,3.62,東京都 中央区日本橋浜町1-1-12 プラザマーム　１Ｆ,03-3865-4649,217,10033,https://tabelog.com/tokyo/A1302/A130204/13003734/dtlmenu,https://tabelog.com/tokyo/A1302/A130204/13003734/dtlphotolst/3/smp2,https://tabelog.com/tokyo/A1302/A130204/13003734/dtlphotolst/4/smp2,中央区
シヅカ洋菓子店 自然菓子研究所 銀座5丁目店,,https://tabelog.com/tokyo/A1301/A130101/13270326/,施設に準ずる,銀座駅,洋菓子（その他）,-,￥5000～￥5999,3.38,東京都 中央区銀座5-7-10 EXITMELSA GINZA SWEETS MARCH 1F,03-6280-6702,31,1459,https://tabelog.com/tokyo/A1301/A130101/13270326/dtlmenu,https://tabelog.com/tokyo/A1301/A130101/13270326/dtlphotolst/3/smp2,https://tabelog.com/tokyo/A1301/A130101/13270326/dtlphotolst/4/smp2,中央区
東京洋菓子 タングラム,（TANGRAM）,https://tabelog.com/tokyo/A1302/A130204/13220476/,祝日,浜町駅,ケーキ 洋菓子（その他） アイスクリーム,～￥999,～￥999,3.36,東京都 中央区日本橋浜町2-27-4 松村ビル 1F,03-5843-6432,28,1668,https://tabelog.com/tokyo/A1302/A130204/13220476/dtlmenu,https://tabelog.com/tokyo/A1302/A130204/13220476/dtlphotolst/3/smp2,https://tabelog.com/tokyo/A1302/A130204/13220476/dtlphotolst/4/smp2,中央区
銀座近江屋洋菓子店 茅場町店,,https://tabelog.com/tokyo/A1302/A130203/13045670/,-,茅場町駅,ケーキ,-,～￥999,3.36,東京都 中央区日本橋茅場町2-3-8 ,03-3668-5629,22,1367,https://tabelog.com/tokyo/A1302/A130203/13045670/dtlmenu,https://tabelog.com/tokyo/A1302/A130203/13045670/dtlphotolst/3/smp2,https://tabelog.com/tokyo/A1302/A130203/13045670/dtlphotolst/4/smp2,中央区
門洋菓子店 日本橋店,,https://tabelog.com/tokyo/A1302/A130202/13087076/,日曜・祝日・第2土曜,日本橋駅,カフェ ケーキ パスタ,-,～￥999,3.26,東京都 中央区日本橋2-1-10 柳屋ビルディング　B2F,03-3271-1738,25,1050,https://tabelog.com/tokyo/A1302/A130202/13087076/dtlmenu,https://tabelog.com/tokyo/A1302/A130202/13087076/dtlphotolst/3/smp2,https://tabelog.com/tokyo/A1302/A130202/13087076/dtlphotolst/4/smp2,中央区
銀座近江屋洋菓子店,,https://tabelog.com/tokyo/A1301/A130101/13098458/,日曜、祝日,銀座駅,ケーキ,￥3000～￥3999,-,3.21,東京都 中央区銀座7-6-7 ,03-3572-4062,20,3291,https://tabelog.com/tokyo/A1301/A130101/13098458/dtlmenu,https://tabelog.com/tokyo/A1301/A130101/13098458/dtlphotolst/3/smp2,https://tabelog.com/tokyo/A1301/A130101/13098458/dtlphotolst/4/smp2,中央区
西洋菓子舗 不二家 銀座三越店,,https://tabelog.com/tokyo/A1301/A130101/13250569/,-,銀座駅,ケーキ 洋菓子（その他） どら焼き,￥1000～￥1999,～￥999,3.21,東京都 中央区銀座4-6-16 銀座三越  B2F,03-3535-1809,13,64,https://tabelog.com/tokyo/A1301/A130101/13250569/dtlmenu,https://tabelog.com/tokyo/A1301/A130101/13250569/dtlphotolst/3/smp2,https://tabelog.com/tokyo/A1301/A130101/13250569/dtlphotolst/4/smp2,中央区
西洋菓子舗 不二家 日本橋三越本店,,https://tabelog.com/tokyo/A1302/A130202/13256571/,-,三越前駅,ケーキ,-,-,3.00,東京都 中央区日本橋室町1-4-1 日本橋三越本店  本館 B1F,03-3241-3311,3,22,https://tabelog.com/tokyo/A1302/A130202/13256571/dtlmenu,https://tabelog.com/tokyo/A1302/A130202/13256571/dtlphotolst/3/smp2,https://tabelog.com/tokyo/A1302/A130202/13256571/dtlphotolst/4/smp2,中央区
銀座ウエスト 銀座本店,（GINZA WEST【旧店名】洋菓子舗 ウエスト）,https://tabelog.com/tokyo/A1301/A130101/13002565/,-,銀座駅,喫茶店 ケーキ フレンチトースト,￥1000～￥1999,￥1000～￥1999,3.56,東京都 中央区銀座7-3-6 ,03-3571-1554,540,24461,https://tabelog.com/tokyo/A1301/A130101/13002565/dtlmenu,https://tabelog.com/tokyo/A1301/A130101/13002565/dtlphotolst/3/smp2,https://tabelog.com/tokyo/A1301/A130101/13002565/dtlphotolst/4/smp2,中央区
西洋菓子 しろたえ,（SIROTAE）,https://tabelog.com/tokyo/A1308/A130801/13002850/,日曜日,赤坂見附駅,ケーキ カフェ 喫茶店,-,￥1000～￥1999,3.79,東京都 港区赤坂4-1-4 ,03-3586-9039,1337,67442,https://tabelog.com/tokyo/A1308/A130801/13002850/dtlmenu,https://tabelog.com/tokyo/A1308/A130801/13002850/dtlphotolst/3/smp2,https://tabelog.com/tokyo/A1308/A130801/13002850/dtlphotolst/4/smp2,港区
シヅカ洋菓子店,（SHIZUKA Patisserie）,https://tabelog.com/tokyo/A1314/A131402/13257906/,火曜日,白金高輪駅,ケーキ 洋菓子（その他）,-,￥1000～￥1999,3.41,東京都 港区三田5-4-10 ,03-6381-7770,45,6948,https://tabelog.com/tokyo/A1314/A131402/13257906/dtlmenu,https://tabelog.com/tokyo/A1314/A131402/13257906/dtlphotolst/3/smp2,https://tabelog.com/tokyo/A1314/A131402/13257906/dtlphotolst/4/smp2,港区
加藤洋菓子店,,https://tabelog.com/tokyo/A1314/A131402/13251480/,火曜日,三田駅,ケーキ 洋菓子（その他）,～￥999,～￥999,3.33,東京都 港区三田4-1-31 ,03-6435-4775,38,8320,https://tabelog.com/tokyo/A1314/A131402/13251480/dtlmenu,https://tabelog.com/tokyo/A1314/A131402/13251480/dtlphotolst/3/smp2,https://tabelog.com/tokyo/A1314/A131402/13251480/dtlphotolst/4/smp2,港区
洋菓子のヒロタ 新橋駅前店,,https://tabelog.com/tokyo/A1301/A130103/13122918/,無休,新橋駅,洋菓子（その他）,-,￥1000～￥1999,3.18,東京都 港区新橋2-6-8 新橋大樹ビル 1F,03-3503-1201,35,393,https://tabelog.com/tokyo/A1301/A130103/13122918/dtlmenu,https://tabelog.com/tokyo/A1301/A130103/13122918/dtlphotolst/3/smp2,https://tabelog.com/tokyo/A1301/A130103/13122918/dtlphotolst/4/smp2,港区
洋菓子舗ウエスト 赤坂Bizタワー店,,https://tabelog.com/tokyo/A1308/A130801/13090257/,-,赤坂駅,ケーキ,-,～￥999,3.05,東京都 港区赤坂5-3-1 赤坂Bizタワー  B1F,03-5545-6441,22,399,https://tabelog.com/tokyo/A1308/A130801/13090257/dtlmenu,https://tabelog.com/tokyo/A1308/A130801/13090257/dtlphotolst/3/smp2,https://tabelog.com/tokyo/A1308/A130801/13090257/dtlphotolst/4/smp2,港区
モナコ洋菓子店,（MONACOヨウガシテン）,https://tabelog.com/tokyo/A1309/A130905/13165302/,日曜日、祝日,牛込神楽坂駅,ケーキ 喫茶店,-,～￥999,3.07,東京都 新宿区納戸町3 1F,03-3260-0324,5,112,https://tabelog.com/tokyo/A1309/A130905/13165302/dtlmenu,https://tabelog.com/tokyo/A1309/A130905/13165302/dtlphotolst/3/smp2,https://tabelog.com/tokyo/A1309/A130905/13165302/dtlphotolst/4/smp2,新宿区
洋菓子舗ウエスト 新宿京王店,,https://tabelog.com/tokyo/A1304/A130401/13142769/,無休,新宿駅,洋菓子（その他）,-,～￥999,3.03,東京都 新宿区西新宿1-1-4 京王百貨店新宿店,03-3342-2111,16,88,https://tabelog.com/tokyo/A1304/A130401/13142769/dtlmenu,https://tabelog.com/tokyo/A1304/A130401/13142769/dtlphotolst/3/smp2,https://tabelog.com/tokyo/A1304/A130401/13142769/dtlphotolst/4/smp2,新宿区
西洋菓子 鹿鳴館 京王百貨店新宿店,（セヨウガシ ロクメイカン）,https://tabelog.com/tokyo/A1304/A130401/13218659/,-,新宿駅,チョコレート 洋菓子（その他） スイーツ（その他）,￥1000～￥1999,-,3.01,東京都 新宿区西新宿1-1-4 京王百貨店新宿店,03-5321-5799,4,22,https://tabelog.com/tokyo/A1304/A130401/13218659/dtlmenu,https://tabelog.com/tokyo/A1304/A130401/13218659/dtlphotolst/3/smp2,https://tabelog.com/tokyo/A1304/A130401/13218659/dtlphotolst/4/smp2,新宿区
みみずく洋菓子店,,https://tabelog.com/tokyo/A1304/A130401/13257737/,-,新宿三丁目駅,ケーキ チョコレート,-,-,3.00,東京都 新宿区新宿3-14-1 ,03-3352-1111,3,193,https://tabelog.com/tokyo/A1304/A130401/13257737/dtlmenu,https://tabelog.com/tokyo/A1304/A130401/13257737/dtlphotolst/3/smp2,https://tabelog.com/tokyo/A1304/A130401/13257737/dtlphotolst/4/smp2,新宿区
オザワ洋菓子店,,https://tabelog.com/tokyo/A1310/A131004/13055194/,日曜日・月曜日,本郷三丁目駅,ケーキ,￥1000～￥1999,～￥999,3.62,東京都 文京区本郷3-22-9 ,03-3815-9554,181,18487,https://tabelog.com/tokyo/A1310/A131004/13055194/dtlmenu,https://tabelog.com/tokyo/A1310/A131004/13055194/dtlphotolst/3/smp2,https://tabelog.com/tokyo/A1310/A131004/13055194/dtlphotolst/4/smp2,文京区
ぱんと洋菓子 オリムピックパン,,https://tabelog.com/tokyo/A1323/A132301/13026339/,日曜日,本駒込駅,パン サンドイッチ 洋菓子（その他）,-,～￥999,3.25,東京都 文京区向丘1-10-6 ,03-3815-7078,21,390,https://tabelog.com/tokyo/A1323/A132301/13026339/dtlmenu,https://tabelog.com/tokyo/A1323/A132301/13026339/dtlphotolst/3/smp2,https://tabelog.com/tokyo/A1323/A132301/13026339/dtlphotolst/4/smp2,文京区
和洋菓子 松右衛門,（Matsuemon　まつえもん）,https://tabelog.com/tokyo/A1323/A132301/13104263/,不定休,白山駅,ケーキ 和菓子,-,￥1000～￥1999,3.10,東京都 文京区白山5-1-9 レジオス文京白山1F,03-6801-5110,13,1507,https://tabelog.com/tokyo/A1323/A132301/13104263/dtlmenu,https://tabelog.com/tokyo/A1323/A132301/13104263/dtlphotolst/3/smp2,https://tabelog.com/tokyo/A1323/A132301/13104263/dtlphotolst/4/smp2,文京区
ベルー洋菓子店,,https://tabelog.com/tokyo/A1323/A132301/13185890/,火曜日,白山駅,洋菓子（その他）,-,￥1000～￥1999,3.07,東京都 文京区向丘1-9-19 ,03-5800-8388,8,231,https://tabelog.com/tokyo/A1323/A132301/13185890/dtlmenu,https://tabelog.com/tokyo/A1323/A132301/13185890/dtlphotolst/3/smp2,https://tabelog.com/tokyo/A1323/A132301/13185890/dtlphotolst/4/smp2,文京区
週3パン屋 ラ・コリーヌ洋菓子店 Bon Point店,,https://tabelog.com/tokyo/A1310/A131003/13215904/,火曜日・木曜日・土曜日・日曜日・祝日,後楽園駅,パン サンドイッチ 洋菓子（その他）,-,～￥999,3.08,東京都 文京区本郷1-33-12 ,-,5,82,https://tabelog.com/tokyo/A1310/A131003/13215904/dtlmenu,https://tabelog.com/tokyo/A1310/A131003/13215904/dtlphotolst/3/smp2,https://tabelog.com/tokyo/A1310/A131003/13215904/dtlphotolst/4/smp2,文京区
中屋洋菓子店,,https://tabelog.com/tokyo/A1311/A131101/13101785/,年中無休,新御徒町駅,ケーキ,～￥999,～￥999,3.39,東京都 台東区台東4-22-10 中屋ビル 1F,03-3831-2449,32,888,https://tabelog.com/tokyo/A1311/A131101/13101785/dtlmenu,https://tabelog.com/tokyo/A1311/A131101/13101785/dtlphotolst/3/smp2,https://tabelog.com/tokyo/A1311/A131101/13101785/dtlphotolst/4/smp2,台東区
欧風洋菓子店 シミズ 松屋浅草店,（SHIMIZU）,https://tabelog.com/tokyo/A1311/A131102/13227825/,松屋浅草に準ずる,浅草駅（東武・都営・メトロ）,ケーキ 洋菓子（その他）,-,￥1000～￥1999,3.08,東京都 台東区花川戸1-4-1 松屋浅草  1F 和洋菓子「浅草すいーつ小町」,03-3842-1111,11,287,https://tabelog.com/tokyo/A1311/A131102/13227825/dtlmenu,https://tabelog.com/tokyo/A1311/A131102/13227825/dtlphotolst/3/smp2,https://tabelog.com/tokyo/A1311/A131102/13227825/dtlphotolst/4/smp2,台東区
コシジ洋菓子店  松屋浅草店,,https://tabelog.com/tokyo/A1311/A131102/13161683/,松屋浅草に順ずる,浅草駅（東武・都営・メトロ）,洋菓子（その他）,-,～￥999,3.02,東京都 台東区花川戸1-4-1 松屋浅草  1F,03-3842-1111,3,21,https://tabelog.com/tokyo/A1311/A131102/13161683/dtlmenu,https://tabelog.com/tokyo/A1311/A131102/13161683/dtlphotolst/3/smp2,https://tabelog.com/tokyo/A1311/A131102/13161683/dtlphotolst/4/smp2,台東区
つばめ洋菓子店,,https://tabelog.com/tokyo/A1312/A131203/13264853/,不定休あり,京成曳舟駅,ケーキ,-,～￥999,3.05,東京都 墨田区京島2-10-9 ,050-3145-2770,3,243,https://tabelog.com/tokyo/A1312/A131203/13264853/dtlmenu,https://tabelog.com/tokyo/A1312/A131203/13264853/dtlphotolst/3/smp2,https://tabelog.com/tokyo/A1312/A131203/13264853/dtlphotolst/4/smp2,墨田区
洋菓子処 ましゅまろ亭,,https://tabelog.com/tokyo/A1312/A131202/13059480/,火曜日,亀戸駅,洋菓子（その他） スイーツ（その他）,-,～￥999,3.55,東京都 江東区亀戸6-22-8 １Ｆ,03-5836-3232,121,6108,https://tabelog.com/tokyo/A1312/A131202/13059480/dtlmenu,https://tabelog.com/tokyo/A1312/A131202/13059480/dtlphotolst/3/smp2,https://tabelog.com/tokyo/A1312/A131202/13059480/dtlphotolst/4/smp2,江東区
大津洋菓子店,,https://tabelog.com/tokyo/A1313/A131303/13268877/,月曜日、火曜日、水曜日、木曜日、金曜日,清澄白河駅,洋菓子（その他）,-,￥1000～￥1999,3.08,東京都 江東区三好2-15-12 峯岸ビル 1F,-,5,689,https://tabelog.com/tokyo/A1313/A131303/13268877/dtlmenu,https://tabelog.com/tokyo/A1313/A131303/13268877/dtlphotolst/3/smp2,https://tabelog.com/tokyo/A1313/A131303/13268877/dtlphotolst/4/smp2,江東区
門洋菓子店 清澄白河店,,https://tabelog.com/tokyo/A1313/A131303/13190378/,不定休,清澄白河駅,ケーキ,-,～￥999,3.07,東京都 江東区平野3-3-4 パレデサンシャール 1F,03-3643-2570,6,267,https://tabelog.com/tokyo/A1313/A131303/13190378/dtlmenu,https://tabelog.com/tokyo/A1313/A131303/13190378/dtlphotolst/3/smp2,https://tabelog.com/tokyo/A1313/A131303/13190378/dtlphotolst/4/smp2,江東区
アワヤ洋菓子店,,https://tabelog.com/tokyo/A1315/A131501/13048043/,毎週火曜日･隔週月曜日,大井町駅,喫茶店 ケーキ カフェ,-,～￥999,3.30,東京都 品川区東大井5-3-10 ,03-3471-9038,51,954,https://tabelog.com/tokyo/A1315/A131501/13048043/dtlmenu,https://tabelog.com/tokyo/A1315/A131501/13048043/dtlphotolst/3/smp2,https://tabelog.com/tokyo/A1315/A131501/13048043/dtlphotolst/4/smp2,品川区
マロニエ洋菓子店,,https://tabelog.com/tokyo/A1317/A131712/13099806/,火曜日（祝日の場合は翌日休み）,旗の台駅,ケーキ,-,～￥999,3.20,東京都 品川区旗の台3-13-5 ,-,14,580,https://tabelog.com/tokyo/A1317/A131712/13099806/dtlmenu,https://tabelog.com/tokyo/A1317/A131712/13099806/dtlphotolst/3/smp2,https://tabelog.com/tokyo/A1317/A131712/13099806/dtlphotolst/4/smp2,品川区
ヘンテコ 森の洋菓子店,（henteco）,https://tabelog.com/tokyo/A1317/A131702/13219549/,月曜日・火曜日、不定休(公式サイトにて告知),都立大学駅,洋菓子（その他） カフェ ケーキ,-,￥1000～￥1999,3.51,東京都 目黒区碑文谷4-15-17 1F,03-6412-8860,66,7183,https://tabelog.com/tokyo/A1317/A131702/13219549/dtlmenu,https://tabelog.com/tokyo/A1317/A131702/13219549/dtlphotolst/3/smp2,https://tabelog.com/tokyo/A1317/A131702/13219549/dtlphotolst/4/smp2,目黒区
ベンデル洋菓子店,,https://tabelog.com/tokyo/A1317/A131714/13103622/,月曜日（祝日は営業）,久が原駅,ケーキ,～￥999,～￥999,3.19,東京都 大田区久が原3-36-3 ,03-3752-1641,10,165,https://tabelog.com/tokyo/A1317/A131714/13103622/dtlmenu,https://tabelog.com/tokyo/A1317/A131714/13103622/dtlphotolst/3/smp2,https://tabelog.com/tokyo/A1317/A131714/13103622/dtlphotolst/4/smp2,大田区
ローザー洋菓子店,（ローザー・ヨウガシテン）,https://tabelog.com/tokyo/A1317/A131704/13008219/,日曜日、祝日,田園調布駅,ケーキ チョコレート,-,～￥999,3.10,東京都 大田区田園調布2-48-13 ,03-3721-2662,12,1872,https://tabelog.com/tokyo/A1317/A131704/13008219/dtlmenu,https://tabelog.com/tokyo/A1317/A131704/13008219/dtlphotolst/3/smp2,https://tabelog.com/tokyo/A1317/A131704/13008219/dtlphotolst/4/smp2,大田区
特選洋菓子館,,https://tabelog.com/tokyo/A1315/A131504/13204301/,-,羽田空港第１ターミナル駅（東京モノレール）,その他,～￥999,-,3.10,東京都 大田区羽田空港3-3-2 羽田空港 第1旅客ターミナル 2F,03-5757-8127,9,36,https://tabelog.com/tokyo/A1315/A131504/13204301/dtlmenu,https://tabelog.com/tokyo/A1315/A131504/13204301/dtlphotolst/3/smp2,https://tabelog.com/tokyo/A1315/A131504/13204301/dtlphotolst/4/smp2,大田区
スマトラ洋菓子店,,https://tabelog.com/tokyo/A1317/A131713/13202890/,不定休,西馬込駅,ケーキ 洋菓子（その他）,-,￥1000～￥1999,3.09,東京都 大田区上池台3-47-3 1F,03-3727-6231,8,105,https://tabelog.com/tokyo/A1317/A131713/13202890/dtlmenu,https://tabelog.com/tokyo/A1317/A131713/13202890/dtlphotolst/3/smp2,https://tabelog.com/tokyo/A1317/A131713/13202890/dtlphotolst/4/smp2,大田区
ねんりん家 羽田空港第１ターミナル 特選洋菓子館,,https://tabelog.com/tokyo/A1315/A131504/13119820/,無休,羽田空港第１ターミナル駅（東京モノレール）,バームクーヘン,-,￥1000～￥1999,3.12,東京都 大田区羽田空港3-3-2 羽田空港第1旅客ターミナル  2F マーケットプレイス,03-5757-8127,53,483,https://tabelog.com/tokyo/A1315/A131504/13119820/dtlmenu,https://tabelog.com/tokyo/A1315/A131504/13119820/dtlphotolst/3/smp2,https://tabelog.com/tokyo/A1315/A131504/13119820/dtlphotolst/4/smp2,大田区
東京往来館 羽田空港第１ターミナル 特選洋菓子館,,https://tabelog.com/tokyo/A1315/A131504/13111317/,-,羽田空港第２ターミナル駅（東京モノレール）,その他,￥1000～￥1999,～￥999,3.11,東京都 大田区羽田空港1丁目 羽田空港第一ターミナル,03-5757-8127,10,45,https://tabelog.com/tokyo/A1315/A131504/13111317/dtlmenu,https://tabelog.com/tokyo/A1315/A131504/13111317/dtlphotolst/3/smp2,https://tabelog.com/tokyo/A1315/A131504/13111317/dtlphotolst/4/smp2,大田区
千疋屋総本店 羽田空港第1旅客ターミナル特選洋菓子館店,,https://tabelog.com/tokyo/A1315/A131504/13142312/,年中無休,羽田空港第１ターミナル駅（東京モノレール）,ケーキ スイーツ（その他）,￥2000～￥2999,￥6000～￥7999,3.03,東京都 大田区羽田空港3-3-2 羽田空港第1旅客ターミナル ル 2F マーケットプレイス,03-5757-8127,11,190,https://tabelog.com/tokyo/A1315/A131504/13142312/dtlmenu,https://tabelog.com/tokyo/A1315/A131504/13142312/dtlphotolst/3/smp2,https://tabelog.com/tokyo/A1315/A131504/13142312/dtlphotolst/4/smp2,大田区
シュガーバターの木 羽田空港第1ターミナル 特選洋菓子館,,https://tabelog.com/tokyo/A1315/A131504/13268791/,-,羽田空港第１ターミナル駅（東京モノレール）,洋菓子（その他）,-,-,3.03,東京都 大田区羽田空港3-3-2 羽田空港第1旅客ターミナル ミナルビル 2F マーケットプレイス15,0120-207-730,2,4,https://tabelog.com/tokyo/A1315/A131504/13268791/dtlmenu,https://tabelog.com/tokyo/A1315/A131504/13268791/dtlphotolst/3/smp2,https://tabelog.com/tokyo/A1315/A131504/13268791/dtlphotolst/4/smp2,大田区
セゾン ド セツコショップ 羽田空港第1ターミナルビル 特選洋菓子館,,https://tabelog.com/tokyo/A1315/A131504/13132902/,無休,羽田空港第１ターミナル駅（東京モノレール）,チョコレート,￥1000～￥1999,-,3.01,東京都 大田区羽田空港3-3-2 羽田空港第1旅客ターミナル  2F 特選洋菓子館内,03-5757-8127,7,42,https://tabelog.com/tokyo/A1315/A131504/13132902/dtlmenu,https://tabelog.com/tokyo/A1315/A131504/13132902/dtlphotolst/3/smp2,https://tabelog.com/tokyo/A1315/A131504/13132902/dtlphotolst/4/smp2,大田区
ヴィタメール  羽田空港特選洋菓子館,,https://tabelog.com/tokyo/A1315/A131504/13243262/,-,羽田空港第１ターミナル駅（東京モノレール）,チョコレート,-,-,-,東京都 大田区羽田空港3-3-2 羽田空港第1旅客ターミナル マーケットプレイス17,03-5757-8127,1,27,https://tabelog.com/tokyo/A1315/A131504/13243262/dtlmenu,https://tabelog.com/tokyo/A1315/A131504/13243262/dtlphotolst/3/smp2,https://tabelog.com/tokyo/A1315/A131504/13243262/dtlphotolst/4/smp2,大田区
ジャン・ミエ 羽田空港第1ターミナルビル 特選洋菓子館,,https://tabelog.com/tokyo/A1315/A131504/13149216/,年中無休,羽田空港第１ターミナル駅（東京モノレール）,ケーキ,-,-,3.03,東京都 大田区羽田空港3-3-2 羽田空港第1旅客ターミナル  マーケットプレイス 2F,-,1,19,https://tabelog.com/tokyo/A1315/A131504/13149216/dtlmenu,https://tabelog.com/tokyo/A1315/A131504/13149216/dtlphotolst/3/smp2,https://tabelog.com/tokyo/A1315/A131504/13149216/dtlphotolst/4/smp2,大田区
洋菓子ヴィヨン,（VILLON）,https://tabelog.com/tokyo/A1317/A131707/13023844/,不定休,桜新町駅,バームクーヘン ケーキ チョコレート,～￥999,～￥999,3.64,東京都 世田谷区桜新町2-8-4 ,03-5426-5044,172,10763,https://tabelog.com/tokyo/A1317/A131707/13023844/dtlmenu,https://tabelog.com/tokyo/A1317/A131707/13023844/dtlphotolst/3/smp2,https://tabelog.com/tokyo/A1317/A131707/13023844/dtlphotolst/4/smp2,世田谷区
ラ・テール洋菓子店,（LA TERRE）,https://tabelog.com/tokyo/A1317/A131705/13004810/,無休,池尻大橋駅,ケーキ,～￥999,～￥999,3.63,東京都 世田谷区池尻3-27-10 エノモトビルⅡ 1F,03-5486-5489,158,6660,https://tabelog.com/tokyo/A1317/A131705/13004810/dtlmenu,https://tabelog.com/tokyo/A1317/A131705/13004810/dtlphotolst/3/smp2,https://tabelog.com/tokyo/A1317/A131705/13004810/dtlphotolst/4/smp2,世田谷区
ニシキヤ洋菓子店,（Nishikiya）,https://tabelog.com/tokyo/A1318/A131814/13012633/,木曜・月3回水曜,祖師ケ谷大蔵駅,カフェ ケーキ チョコレート,￥1000～￥1999,￥1000～￥1999,3.53,東京都 世田谷区祖師谷3-32-3 NN協同ビル １Ｆ,03-3482-0482,78,3120,https://tabelog.com/tokyo/A1318/A131814/13012633/dtlmenu,https://tabelog.com/tokyo/A1318/A131814/13012633/dtlphotolst/3/smp2,https://tabelog.com/tokyo/A1318/A131814/13012633/dtlphotolst/4/smp2,世田谷区
アリマ洋菓子,,https://tabelog.com/tokyo/A1318/A131809/13042620/,水曜（祝日の場合は営業し、前後で振り替え休日になる可能性あり。臨時休業あり）,芦花公園駅,ケーキ 喫茶店,-,～￥999,3.50,東京都 世田谷区南烏山3丁目1-16 ,03-3309-3832,47,1103,https://tabelog.com/tokyo/A1318/A131809/13042620/dtlmenu,https://tabelog.com/tokyo/A1318/A131809/13042620/dtlphotolst/3/smp2,https://tabelog.com/tokyo/A1318/A131809/13042620/dtlphotolst/4/smp2,世田谷区
ヴォアラ洋菓子店,（ヴォアラ ヨウガシテン）,https://tabelog.com/tokyo/A1318/A131813/13003123/,年中無休　誠に勝手ながら年始の営業は、1月1日 10時〜17時、1月2〜4日　9時〜19時とさせて頂きます。宜しくお願い致します。,千歳船橋駅,ケーキ チョコレート カフェ,￥1000～￥1999,￥1000～￥1999,3.45,東京都 世田谷区桜丘3-27-4 ,03-3706-6662,61,2682,https://tabelog.com/tokyo/A1318/A131813/13003123/dtlmenu,https://tabelog.com/tokyo/A1318/A131813/13003123/dtlphotolst/3/smp2,https://tabelog.com/tokyo/A1318/A131813/13003123/dtlphotolst/4/smp2,世田谷区
アーモンド洋菓子店,,https://tabelog.com/tokyo/A1317/A131706/13039045/,第2・第4木曜日、不定休(公式サイトにて告知),西太子堂駅,ケーキ アイスクリーム,-,～￥999,3.31,東京都 世田谷区太子堂3-14-1 ,03-3412-5982,40,1637,https://tabelog.com/tokyo/A1317/A131706/13039045/dtlmenu,https://tabelog.com/tokyo/A1317/A131706/13039045/dtlphotolst/3/smp2,https://tabelog.com/tokyo/A1317/A131706/13039045/dtlphotolst/4/smp2,世田谷区
カワムラ洋菓子店 本店,（カワムラ・ヨウガシテン）,https://tabelog.com/tokyo/A1318/A131812/13013122/,無休,梅ケ丘駅,ケーキ 喫茶店,-,～￥999,3.24,東京都 世田谷区梅丘1-34-1 梅丘セントラルMS1F,03-3427-0888,25,594,https://tabelog.com/tokyo/A1318/A131812/13013122/dtlmenu,https://tabelog.com/tokyo/A1318/A131812/13013122/dtlphotolst/3/smp2,https://tabelog.com/tokyo/A1318/A131812/13013122/dtlphotolst/4/smp2,世田谷区
小林洋菓子店,,https://tabelog.com/tokyo/A1318/A131809/13122106/,水曜・木曜・日曜,千歳烏山駅,ケーキ,-,￥1000～￥1999,3.24,東京都 世田谷区給田3-5-2 ,03-3308-0522,12,240,https://tabelog.com/tokyo/A1318/A131809/13122106/dtlmenu,https://tabelog.com/tokyo/A1318/A131809/13122106/dtlphotolst/3/smp2,https://tabelog.com/tokyo/A1318/A131809/13122106/dtlphotolst/4/smp2,世田谷区
なみき洋菓子工場,,https://tabelog.com/tokyo/A1318/A131809/13193004/,木曜日,千歳烏山駅,ケーキ ドーナツ,-,～￥999,3.13,東京都 世田谷区南烏山4-6-4 ,03-3326-5312,7,158,https://tabelog.com/tokyo/A1318/A131809/13193004/dtlmenu,https://tabelog.com/tokyo/A1318/A131809/13193004/dtlphotolst/3/smp2,https://tabelog.com/tokyo/A1318/A131809/13193004/dtlphotolst/4/smp2,世田谷区
洋菓子フローラ,,https://tabelog.com/tokyo/A1317/A131707/13096665/,水曜日,用賀駅,洋菓子（その他） ケーキ,-,￥1000～￥1999,3.09,東京都 世田谷区用賀4-17-4 ,03-3709-7012,15,308,https://tabelog.com/tokyo/A1317/A131707/13096665/dtlmenu,https://tabelog.com/tokyo/A1317/A131707/13096665/dtlphotolst/3/smp2,https://tabelog.com/tokyo/A1317/A131707/13096665/dtlphotolst/4/smp2,世田谷区
アーモンド洋菓子店 若林支店,,https://tabelog.com/tokyo/A1317/A131706/13156474/,木曜日,西太子堂駅,ケーキ,-,￥2000～￥2999,3.09,東京都 世田谷区若林1-2-1 ,03-3795-0808,8,203,https://tabelog.com/tokyo/A1317/A131706/13156474/dtlmenu,https://tabelog.com/tokyo/A1317/A131706/13156474/dtlphotolst/3/smp2,https://tabelog.com/tokyo/A1317/A131706/13156474/dtlphotolst/4/smp2,世田谷区
カワムラ洋菓子店 経堂店,,https://tabelog.com/tokyo/A1318/A131813/13125226/,無休,経堂駅,ケーキ,-,～￥999,3.08,東京都 世田谷区宮坂3-4-1 ライオンズマンション経堂 1F,03-3428-3013,5,190,https://tabelog.com/tokyo/A1318/A131813/13125226/dtlmenu,https://tabelog.com/tokyo/A1318/A131813/13125226/dtlphotolst/3/smp2,https://tabelog.com/tokyo/A1318/A131813/13125226/dtlphotolst/4/smp2,世田谷区
及川洋菓子店,,https://tabelog.com/tokyo/A1318/A131812/13272006/,-,下北沢駅,洋菓子（その他）,-,￥3000～￥3999,3.03,東京都 世田谷区代沢5-6-14 ,-,1,238,https://tabelog.com/tokyo/A1318/A131812/13272006/dtlmenu,https://tabelog.com/tokyo/A1318/A131812/13272006/dtlphotolst/3/smp2,https://tabelog.com/tokyo/A1318/A131812/13272006/dtlphotolst/4/smp2,世田谷区
タトル 明大前洋菓子店,（Tatre）,https://tabelog.com/tokyo/A1318/A131804/13255316/,なし,明大前駅,ケーキ 洋菓子（その他）,～￥999,～￥999,3.15,東京都 世田谷区松原2-42-5 フラワーハイホーム 1F,03-4362-5224,13,312,https://tabelog.com/tokyo/A1318/A131804/13255316/dtlmenu,https://tabelog.com/tokyo/A1318/A131804/13255316/dtlphotolst/3/smp2,https://tabelog.com/tokyo/A1318/A131804/13255316/dtlphotolst/4/smp2,世田谷区
洋菓子のヒロタ フレンテ明大前店,（HIROTA）,https://tabelog.com/tokyo/A1318/A131804/13139963/,なし,明大前駅,洋菓子（その他）,-,～￥999,3.06,東京都 世田谷区松原2-46-1 フレンテ明大前 B1F,-,8,55,https://tabelog.com/tokyo/A1318/A131804/13139963/dtlmenu,https://tabelog.com/tokyo/A1318/A131804/13139963/dtlphotolst/3/smp2,https://tabelog.com/tokyo/A1318/A131804/13139963/dtlphotolst/4/smp2,世田谷区
オリオン洋菓子店,,https://tabelog.com/tokyo/A1317/A131715/13136868/,木曜日,九品仏駅,ケーキ,-,～￥999,3.14,東京都 世田谷区奥沢6丁目13-7 ,-,10,151,https://tabelog.com/tokyo/A1317/A131715/13136868/dtlmenu,https://tabelog.com/tokyo/A1317/A131715/13136868/dtlphotolst/3/smp2,https://tabelog.com/tokyo/A1317/A131715/13136868/dtlphotolst/4/smp2,世田谷区
ガーデニア洋菓子店,,https://tabelog.com/tokyo/A1318/A131809/13045820/,毎週火曜日,上北沢駅,ケーキ スイーツ（その他）,-,￥1000～￥1999,3.06,東京都 世田谷区上北沢4-15-2 ,-,3,81,https://tabelog.com/tokyo/A1318/A131809/13045820/dtlmenu,https://tabelog.com/tokyo/A1318/A131809/13045820/dtlphotolst/3/smp2,https://tabelog.com/tokyo/A1318/A131809/13045820/dtlphotolst/4/smp2,世田谷区
洋菓子 代官山小川軒,（オガワケン）,https://tabelog.com/tokyo/A1303/A130303/13136728/,日曜日、祝日,代官山駅,ケーキ 洋菓子（その他）,-,～￥999,3.54,東京都 渋谷区代官山町10-13 ,03-3463-3660,79,4740,https://tabelog.com/tokyo/A1303/A130303/13136728/dtlmenu,https://tabelog.com/tokyo/A1303/A130303/13136728/dtlphotolst/3/smp2,https://tabelog.com/tokyo/A1303/A130303/13136728/dtlphotolst/4/smp2,渋谷区
洋菓子舗ウエスト 新宿高島屋店,,https://tabelog.com/tokyo/A1304/A130401/13097439/,不定休(新宿高島屋に準ずる),新宿駅,洋菓子（その他）,￥1000～￥1999,￥1000～￥1999,3.03,東京都 渋谷区千駄ヶ谷5-24-2 新宿タカシマヤ  B1F,03-5361-1313,16,122,https://tabelog.com/tokyo/A1304/A130401/13097439/dtlmenu,https://tabelog.com/tokyo/A1304/A130401/13097439/dtlphotolst/3/smp2,https://tabelog.com/tokyo/A1304/A130401/13097439/dtlphotolst/4/smp2,渋谷区
エリヤ洋菓子店,（エリヤヨウガシテン）,https://tabelog.com/tokyo/A1319/A131902/13012851/,無休,新中野駅,チョコレート,～￥999,￥1000～￥1999,3.22,東京都 中野区本町4-38-20 １０１,03-3384-1234,18,450,https://tabelog.com/tokyo/A1319/A131902/13012851/dtlmenu,https://tabelog.com/tokyo/A1319/A131902/13012851/dtlphotolst/3/smp2,https://tabelog.com/tokyo/A1319/A131902/13012851/dtlphotolst/4/smp2,中野区
西洋菓子屋,,https://tabelog.com/tokyo/A1321/A132104/13180969/,水曜日,野方駅,ケーキ マカロン,～￥999,～￥999,3.06,東京都 中野区野方6-5-1 ,03-6312-6690,6,74,https://tabelog.com/tokyo/A1321/A132104/13180969/dtlmenu,https://tabelog.com/tokyo/A1321/A132104/13180969/dtlphotolst/3/smp2,https://tabelog.com/tokyo/A1321/A132104/13180969/dtlphotolst/4/smp2,中野区
ボンメール洋菓子店,,https://tabelog.com/tokyo/A1319/A131901/13118237/,月曜日,東中野駅,ケーキ,-,￥1000～￥1999,3.13,東京都 中野区東中野4-10-3 ,-,4,97,https://tabelog.com/tokyo/A1319/A131901/13118237/dtlmenu,https://tabelog.com/tokyo/A1319/A131901/13118237/dtlphotolst/3/smp2,https://tabelog.com/tokyo/A1319/A131901/13118237/dtlphotolst/4/smp2,中野区
メルベイユ洋菓子店,,https://tabelog.com/tokyo/A1319/A131904/13044762/,不定休,新高円寺駅,ケーキ,～￥999,～￥999,3.24,東京都 杉並区高円寺南2-17-2 ,03-3314-2955,24,662,https://tabelog.com/tokyo/A1319/A131904/13044762/dtlmenu,https://tabelog.com/tokyo/A1319/A131904/13044762/dtlphotolst/3/smp2,https://tabelog.com/tokyo/A1319/A131904/13044762/dtlphotolst/4/smp2,杉並区
クラウン洋菓子店,（クラウン　CROWN）,https://tabelog.com/tokyo/A1321/A132104/13054665/,営業時間欄に記載,下井草駅,ケーキ,～￥999,～￥999,3.13,東京都 杉並区下井草2丁目40-20 ,03-3399-2460,8,239,https://tabelog.com/tokyo/A1321/A132104/13054665/dtlmenu,https://tabelog.com/tokyo/A1321/A132104/13054665/dtlphotolst/3/smp2,https://tabelog.com/tokyo/A1321/A132104/13054665/dtlphotolst/4/smp2,杉並区
和・洋菓子舗 日影茶屋 荻窪ルミネ店,（ひかげ ちゃや）,https://tabelog.com/tokyo/A1319/A131906/13067044/,無休（「ルミネ荻窪」に準ずる）,荻窪駅,ケーキ 和菓子,～￥999,￥1000～￥1999,3.05,東京都 杉並区上荻1-7-1 ルミネ荻窪店  1Ｆ,03-3220-2920,20,254,https://tabelog.com/tokyo/A1319/A131906/13067044/dtlmenu,https://tabelog.com/tokyo/A1319/A131906/13067044/dtlphotolst/3/smp2,https://tabelog.com/tokyo/A1319/A131906/13067044/dtlphotolst/4/smp2,杉並区
西洋菓子 おだふじ 南長崎店,,https://tabelog.com/tokyo/A1321/A132101/13232005/,月曜日(祝日の場合翌日),落合南長崎駅,ケーキ 洋菓子（その他）,￥1000～￥1999,￥1000～￥1999,3.30,東京都 豊島区 長崎4-5-20 アイテラス落合南長崎 1F,03-5906-5291,22,685,https://tabelog.com/tokyo/A1321/A132101/13232005/dtlmenu,https://tabelog.com/tokyo/A1321/A132101/13232005/dtlphotolst/3/smp2,https://tabelog.com/tokyo/A1321/A132101/13232005/dtlphotolst/4/smp2,豊島区
みみずく洋菓子店 西武池袋店,,https://tabelog.com/tokyo/A1305/A130501/13258853/,-,池袋駅,ケーキ 洋菓子（その他）,-,-,-,東京都 豊島区南池袋1-28-1 西武池袋本店  B1F,03-3981-0111,-,58,https://tabelog.com/tokyo/A1305/A130501/13258853/dtlmenu,https://tabelog.com/tokyo/A1305/A130501/13258853/dtlphotolst/3/smp2,https://tabelog.com/tokyo/A1305/A130501/13258853/dtlphotolst/4/smp2,豊島区
アドリア洋菓子店,（アドリア・ヨウガシテン）,https://tabelog.com/tokyo/A1323/A132304/13008777/,火曜日,東十条駅,ケーキ 喫茶店 パン,～￥999,～￥999,3.19,東京都 北区東十条4-7-17 ,03-3911-5767,32,760,https://tabelog.com/tokyo/A1323/A132304/13008777/dtlmenu,https://tabelog.com/tokyo/A1323/A132304/13008777/dtlphotolst/3/smp2,https://tabelog.com/tokyo/A1323/A132304/13008777/dtlphotolst/4/smp2,北区
洋菓子カフェ かしこ,,https://tabelog.com/tokyo/A1323/A132305/13180108/,月曜日、火曜日,赤羽岩淵駅,ケーキ 洋菓子（その他） カフェ,-,～￥999,3.17,東京都 北区志茂2-64-9 前薗ビル 1F,03-5939-9554,11,411,https://tabelog.com/tokyo/A1323/A132305/13180108/dtlmenu,https://tabelog.com/tokyo/A1323/A132305/13180108/dtlphotolst/3/smp2,https://tabelog.com/tokyo/A1323/A132305/13180108/dtlphotolst/4/smp2,北区
アルパイン洋菓子店,,https://tabelog.com/tokyo/A1322/A132205/13108423/,日曜,浮間舟渡駅,ケーキ,～￥999,～￥999,3.15,東京都 北区浮間4-30-9 ,03-5392-0981,12,205,https://tabelog.com/tokyo/A1322/A132205/13108423/dtlmenu,https://tabelog.com/tokyo/A1322/A132205/13108423/dtlphotolst/3/smp2,https://tabelog.com/tokyo/A1322/A132205/13108423/dtlphotolst/4/smp2,北区
ニース洋菓子店,（PATISSERIE Nice）,https://tabelog.com/tokyo/A1322/A132201/13204133/,火曜日,西巣鴨駅,ケーキ,-,￥1000～￥1999,3.07,東京都 北区滝野川3-33-5 1F,03-3918-3170,7,147,https://tabelog.com/tokyo/A1322/A132201/13204133/dtlmenu,https://tabelog.com/tokyo/A1322/A132201/13204133/dtlphotolst/3/smp2,https://tabelog.com/tokyo/A1322/A132201/13204133/dtlphotolst/4/smp2,北区
洋菓子工房ムーンハート,（Moon Heart）,https://tabelog.com/tokyo/A1323/A132301/13059725/,日曜・祝日,赤土小学校前駅,洋菓子（その他）,￥1000～￥1999,～￥999,3.20,東京都 荒川区東尾久5-30-1 ,03-3893-6746,14,301,https://tabelog.com/tokyo/A1323/A132301/13059725/dtlmenu,https://tabelog.com/tokyo/A1323/A132301/13059725/dtlphotolst/3/smp2,https://tabelog.com/tokyo/A1323/A132301/13059725/dtlphotolst/4/smp2,荒川区
洋菓子　セキヤ,（Patisserie SEKIYA）,https://tabelog.com/tokyo/A1323/A132301/13055299/,水曜日（祝日は営業）,荒川遊園地前駅,ケーキ,-,～￥999,3.10,東京都 荒川区西尾久7-10-3 ,03-3894-6628,8,266,https://tabelog.com/tokyo/A1323/A132301/13055299/dtlmenu,https://tabelog.com/tokyo/A1323/A132301/13055299/dtlphotolst/3/smp2,https://tabelog.com/tokyo/A1323/A132301/13055299/dtlphotolst/4/smp2,荒川区
和洋菓子 EDO USAGI,（江戸うさぎ）,https://tabelog.com/tokyo/A1311/A131105/13274728/,-,日暮里駅,洋菓子（その他） 和菓子,-,-,-,東京都 荒川区西日暮里2-14-11 ,050-1790-6007,-,10,https://tabelog.com/tokyo/A1311/A131105/13274728/dtlmenu,https://tabelog.com/tokyo/A1311/A131105/13274728/dtlphotolst/3/smp2,https://tabelog.com/tokyo/A1311/A131105/13274728/dtlphotolst/4/smp2,荒川区
洋菓子工房ムーンハート 東日暮里店,,https://tabelog.com/tokyo/A1311/A131105/13128765/,年中無休（臨時休業あり）,日暮里駅,洋菓子（その他）,-,～￥999,3.05,東京都 荒川区東日暮里5-17-7 ,-,4,78,https://tabelog.com/tokyo/A1311/A131105/13128765/dtlmenu,https://tabelog.com/tokyo/A1311/A131105/13128765/dtlphotolst/3/smp2,https://tabelog.com/tokyo/A1311/A131105/13128765/dtlphotolst/4/smp2,荒川区
シャロン洋菓子店,,https://tabelog.com/tokyo/A1323/A132303/13146625/,水曜日,小台駅,ケーキ,-,～￥999,3.03,東京都 荒川区西尾久4-14-15 ,-,3,31,https://tabelog.com/tokyo/A1323/A132303/13146625/dtlmenu,https://tabelog.com/tokyo/A1323/A132303/13146625/dtlphotolst/3/smp2,https://tabelog.com/tokyo/A1323/A132303/13146625/dtlphotolst/4/smp2,荒川区
タカセ パン・洋菓子コーナー 板橋店,,https://tabelog.com/tokyo/A1322/A132201/13008889/,無休,下板橋駅,パン ケーキ 喫茶店,-,～￥999,3.26,東京都 板橋区板橋1-37-10 ,03-3962-7301,28,636,https://tabelog.com/tokyo/A1322/A132201/13008889/dtlmenu,https://tabelog.com/tokyo/A1322/A132201/13008889/dtlphotolst/3/smp2,https://tabelog.com/tokyo/A1322/A132201/13008889/dtlphotolst/4/smp2,板橋区
洋菓子・喫茶 ナバタ,,https://tabelog.com/tokyo/A1322/A132205/13105048/,不定休,志村坂上駅,ケーキ 喫茶店,～￥999,～￥999,3.00,東京都 板橋区前野町4-1-19 ,-,3,63,https://tabelog.com/tokyo/A1322/A132205/13105048/dtlmenu,https://tabelog.com/tokyo/A1322/A132205/13105048/dtlphotolst/3/smp2,https://tabelog.com/tokyo/A1322/A132205/13105048/dtlphotolst/4/smp2,板橋区
和洋菓子 なかむら 東京板橋支店,,https://tabelog.com/tokyo/A1322/A132203/13263534/,-,上板橋駅,和菓子 洋菓子（その他）,-,～￥999,3.00,東京都 板橋区上板橋2-2-15 パークハイム 1F,070-8412-4528,2,29,https://tabelog.com/tokyo/A1322/A132203/13263534/dtlmenu,https://tabelog.com/tokyo/A1322/A132203/13263534/dtlphotolst/3/smp2,https://tabelog.com/tokyo/A1322/A132203/13263534/dtlphotolst/4/smp2,板橋区
明治洋菓子店,,https://tabelog.com/tokyo/A1322/A132202/13134879/,水曜日、その他（夏期、年末年始）,千川駅,ケーキ,-,～￥999,3.05,東京都 板橋区向原1-1-16 ,-,3,83,https://tabelog.com/tokyo/A1322/A132202/13134879/dtlmenu,https://tabelog.com/tokyo/A1322/A132202/13134879/dtlphotolst/3/smp2,https://tabelog.com/tokyo/A1322/A132202/13134879/dtlphotolst/4/smp2,板橋区
洋菓子の店 赤ずきん 桜台店,（AKAZUKIN）,https://tabelog.com/tokyo/A1321/A132101/13039547/,火曜,桜台駅,ケーキ 洋菓子（その他）,￥2000～￥2999,～￥999,3.34,東京都 練馬区桜台2-45-10 ,03-3992-5823,31,938,https://tabelog.com/tokyo/A1321/A132101/13039547/dtlmenu,https://tabelog.com/tokyo/A1321/A132101/13039547/dtlphotolst/3/smp2,https://tabelog.com/tokyo/A1321/A132101/13039547/dtlphotolst/4/smp2,練馬区
トレント洋菓子店,,https://tabelog.com/tokyo/A1321/A132103/13100503/,火曜,大泉学園駅,ケーキ アイスクリーム,-,～￥999,3.32,東京都 練馬区東大泉7丁目38-29-103 ,03-3921-8831,19,503,https://tabelog.com/tokyo/A1321/A132103/13100503/dtlmenu,https://tabelog.com/tokyo/A1321/A132103/13100503/dtlphotolst/3/smp2,https://tabelog.com/tokyo/A1321/A132103/13100503/dtlphotolst/4/smp2,練馬区
西洋菓子 おだふじ 大泉学園店,,https://tabelog.com/tokyo/A1321/A132103/13264488/,月曜日,大泉学園駅,ケーキ,-,～￥999,3.20,東京都 練馬区東大泉2-34-1 オズスタジオシティ 1F,-,17,540,https://tabelog.com/tokyo/A1321/A132103/13264488/dtlmenu,https://tabelog.com/tokyo/A1321/A132103/13264488/dtlphotolst/3/smp2,https://tabelog.com/tokyo/A1321/A132103/13264488/dtlphotolst/4/smp2,練馬区
ロレーヌ洋菓子店,,https://tabelog.com/tokyo/A1321/A132102/13120159/,水曜日,練馬春日町駅,ケーキ 洋菓子（その他）,～￥999,～￥999,3.17,東京都 練馬区春日町5-12-5 ,03-3998-4731,14,195,https://tabelog.com/tokyo/A1321/A132102/13120159/dtlmenu,https://tabelog.com/tokyo/A1321/A132102/13120159/dtlphotolst/3/smp2,https://tabelog.com/tokyo/A1321/A132102/13120159/dtlphotolst/4/smp2,練馬区
ローヤル洋菓子店,,https://tabelog.com/tokyo/A1322/A132203/13099592/,第2・3月曜日,東武練馬駅,ケーキ カフェ,-,～￥999,3.17,東京都 練馬区北町2-17-17 ,03-3931-2873,12,244,https://tabelog.com/tokyo/A1322/A132203/13099592/dtlmenu,https://tabelog.com/tokyo/A1322/A132203/13099592/dtlphotolst/3/smp2,https://tabelog.com/tokyo/A1322/A132203/13099592/dtlphotolst/4/smp2,練馬区
ポアール洋菓子店,,https://tabelog.com/tokyo/A1321/A132105/13112112/,木曜日,武蔵関駅,ケーキ パン 洋菓子（その他）,-,￥1000～￥1999,3.13,東京都 練馬区関町北4-6-7 ,03-3920-0555,15,223,https://tabelog.com/tokyo/A1321/A132105/13112112/dtlmenu,https://tabelog.com/tokyo/A1321/A132105/13112112/dtlphotolst/3/smp2,https://tabelog.com/tokyo/A1321/A132105/13112112/dtlphotolst/4/smp2,練馬区
リビエラ洋菓子店 本店,,https://tabelog.com/tokyo/A1321/A132105/13131120/,-,上石神井駅,ケーキ 喫茶店,-,～￥999,3.07,東京都 練馬区石神井台2-1-10 ,03-3995-9709,5,88,https://tabelog.com/tokyo/A1321/A132105/13131120/dtlmenu,https://tabelog.com/tokyo/A1321/A132105/13131120/dtlphotolst/3/smp2,https://tabelog.com/tokyo/A1321/A132105/13131120/dtlphotolst/4/smp2,練馬区
モアール洋菓子店,,https://tabelog.com/tokyo/A1321/A132102/13227666/,水曜日・2021/8/11～8/18は夏季休暇,練馬高野台駅,ケーキ 洋菓子（その他）,-,～￥999,3.04,東京都 練馬区富士見台2-44-9 ,03-3990-6800,2,45,https://tabelog.com/tokyo/A1321/A132102/13227666/dtlmenu,https://tabelog.com/tokyo/A1321/A132102/13227666/dtlphotolst/3/smp2,https://tabelog.com/tokyo/A1321/A132102/13227666/dtlphotolst/4/smp2,練馬区
平野屋洋菓子店,,https://tabelog.com/tokyo/A1321/A132102/13123797/,-,光が丘駅,洋菓子（その他）,-,-,-,東京都 練馬区旭町1-14-5 ,-,-,1,https://tabelog.com/tokyo/A1321/A132102/13123797/dtlmenu,https://tabelog.com/tokyo/A1321/A132102/13123797/dtlphotolst/3/smp2,https://tabelog.com/tokyo/A1321/A132102/13123797/dtlphotolst/4/smp2,練馬区
コシジ洋菓子店本店,,https://tabelog.com/tokyo/A1324/A132404/13101880/,火曜日,綾瀬駅,ケーキ,-,￥1000～￥1999,3.15,東京都 足立区東綾瀬2-15-5 ,03-3605-7573,14,310,https://tabelog.com/tokyo/A1324/A132404/13101880/dtlmenu,https://tabelog.com/tokyo/A1324/A132404/13101880/dtlphotolst/3/smp2,https://tabelog.com/tokyo/A1324/A132404/13101880/dtlphotolst/4/smp2,足立区
タグチ洋菓子店,,https://tabelog.com/tokyo/A1324/A132404/13125648/,水曜,大師前駅,ケーキ,-,～￥999,3.08,東京都 足立区西新井本町4-12-12 ,03-3890-5740,5,49,https://tabelog.com/tokyo/A1324/A132404/13125648/dtlmenu,https://tabelog.com/tokyo/A1324/A132404/13125648/dtlphotolst/3/smp2,https://tabelog.com/tokyo/A1324/A132404/13125648/dtlphotolst/4/smp2,足立区
トランタン洋菓子店,（Ｔrentaine）,https://tabelog.com/tokyo/A1324/A132404/13123902/,火曜日、第３水曜日,舎人駅,ケーキ 喫茶店,-,～￥999,3.07,東京都 足立区入谷5-14-12 ,03-3896-8557,5,81,https://tabelog.com/tokyo/A1324/A132404/13123902/dtlmenu,https://tabelog.com/tokyo/A1324/A132404/13123902/dtlphotolst/3/smp2,https://tabelog.com/tokyo/A1324/A132404/13123902/dtlphotolst/4/smp2,足立区
クーロンヌ洋菓子店,,https://tabelog.com/tokyo/A1324/A132404/13110088/,木曜日,竹ノ塚駅,ケーキ,～￥999,～￥999,3.02,東京都 足立区竹の塚6-10-11 ,03-3883-5364,2,68,https://tabelog.com/tokyo/A1324/A132404/13110088/dtlmenu,https://tabelog.com/tokyo/A1324/A132404/13110088/dtlphotolst/3/smp2,https://tabelog.com/tokyo/A1324/A132404/13110088/dtlphotolst/4/smp2,足立区
洋菓子工房アカシア,,https://tabelog.com/tokyo/A1324/A132404/13195924/,月曜日,高野駅,ケーキ,-,～￥999,3.00,東京都 足立区興野1-14-8 ,03-3840-2559,4,90,https://tabelog.com/tokyo/A1324/A132404/13195924/dtlmenu,https://tabelog.com/tokyo/A1324/A132404/13195924/dtlphotolst/3/smp2,https://tabelog.com/tokyo/A1324/A132404/13195924/dtlphotolst/4/smp2,足立区
洋菓子店 グラン・フルール,,https://tabelog.com/tokyo/A1324/A132404/13274587/,月曜・火曜（祝日を除く）,西新井大師西駅,ケーキ 洋菓子（その他）,￥2000～￥2999,￥2000～￥2999,-,東京都 足立区西新井7-12-12 ,03-5856-9566,-,8,https://tabelog.com/tokyo/A1324/A132404/13274587/dtlmenu,https://tabelog.com/tokyo/A1324/A132404/13274587/dtlphotolst/3/smp2,https://tabelog.com/tokyo/A1324/A132404/13274587/dtlphotolst/4/smp2,足立区
nomiya,（nomiya ノミヤ洋菓子店/五席酒場ノミヤ）,https://tabelog.com/tokyo/A1324/A132402/13231758/,月曜～水曜,北千住駅,バル・バール ケーキ 居酒屋,-,￥1000～￥1999,3.06,東京都 足立区千住旭町24-1 ,-,11,1162,https://tabelog.com/tokyo/A1324/A132402/13231758/dtlmenu,https://tabelog.com/tokyo/A1324/A132402/13231758/dtlphotolst/3/smp2,https://tabelog.com/tokyo/A1324/A132402/13231758/dtlphotolst/4/smp2,足立区
富士屋和洋菓子店,,https://tabelog.com/tokyo/A1324/A132404/13145134/,月曜日,梅島駅,和菓子,～￥999,-,3.05,東京都 足立区梅田7-34-15 ,-,2,29,https://tabelog.com/tokyo/A1324/A132404/13145134/dtlmenu,https://tabelog.com/tokyo/A1324/A132404/13145134/dtlphotolst/3/smp2,https://tabelog.com/tokyo/A1324/A132404/13145134/dtlphotolst/4/smp2,足立区
フラン洋菓子店,,https://tabelog.com/tokyo/A1324/A132404/13115424/,不定休(水曜日多),江北駅,ケーキ,-,～￥999,3.00,東京都 足立区江北4-28-22 ,-,5,67,https://tabelog.com/tokyo/A1324/A132404/13115424/dtlmenu,https://tabelog.com/tokyo/A1324/A132404/13115424/dtlphotolst/3/smp2,https://tabelog.com/tokyo/A1324/A132404/13115424/dtlphotolst/4/smp2,足立区
コシジ洋菓子店,（kosiji）,https://tabelog.com/tokyo/A1324/A132403/13049233/,不定休,柴又駅,ケーキ,-,￥1000～￥1999,3.26,東京都 葛飾区柴又4-15-15 ,03-3659-2851,27,806,https://tabelog.com/tokyo/A1324/A132403/13049233/dtlmenu,https://tabelog.com/tokyo/A1324/A132403/13049233/dtlphotolst/3/smp2,https://tabelog.com/tokyo/A1324/A132403/13049233/dtlphotolst/4/smp2,葛飾区
コシジ洋菓子店,,https://tabelog.com/tokyo/A1324/A132403/13162340/,不定休,お花茶屋駅,ケーキ,-,～￥999,3.19,東京都 葛飾区お花茶屋2-16-5 ,03-3604-8431,9,163,https://tabelog.com/tokyo/A1324/A132403/13162340/dtlmenu,https://tabelog.com/tokyo/A1324/A132403/13162340/dtlphotolst/3/smp2,https://tabelog.com/tokyo/A1324/A132403/13162340/dtlphotolst/4/smp2,葛飾区
洋菓子店 センチメント,（sentiment）,https://tabelog.com/tokyo/A1312/A131204/13248991/,不定休,新小岩駅,カフェ 洋菓子（その他） ケーキ,-,￥2000～￥2999,3.18,東京都 葛飾区新小岩1-3-3 ,-,12,1767,https://tabelog.com/tokyo/A1312/A131204/13248991/dtlmenu,https://tabelog.com/tokyo/A1312/A131204/13248991/dtlphotolst/3/smp2,https://tabelog.com/tokyo/A1312/A131204/13248991/dtlphotolst/4/smp2,葛飾区
モガール洋菓子店,,https://tabelog.com/tokyo/A1324/A132403/13078019/,-,金町駅,ケーキ,～￥999,～￥999,3.09,東京都 葛飾区東金町1丁目34-1 ,03-3607-9661,10,110,https://tabelog.com/tokyo/A1324/A132403/13078019/dtlmenu,https://tabelog.com/tokyo/A1324/A132403/13078019/dtlphotolst/3/smp2,https://tabelog.com/tokyo/A1324/A132403/13078019/dtlphotolst/4/smp2,葛飾区
デリス洋菓子店,（PATISSERIE DELICE）,https://tabelog.com/tokyo/A1312/A131204/13025267/,火曜日,新小岩駅,ケーキ,-,￥1000～￥1999,3.09,東京都 葛飾区西新小岩4-37-1 ,03-3693-1321,6,103,https://tabelog.com/tokyo/A1312/A131204/13025267/dtlmenu,https://tabelog.com/tokyo/A1312/A131204/13025267/dtlphotolst/3/smp2,https://tabelog.com/tokyo/A1312/A131204/13025267/dtlphotolst/4/smp2,葛飾区
ピノキオ洋菓子店,,https://tabelog.com/tokyo/A1312/A131204/13048127/,-,京成小岩駅,ケーキ,-,～￥999,3.08,東京都 葛飾区鎌倉4丁目37-2 ,03-3673-3962,7,88,https://tabelog.com/tokyo/A1312/A131204/13048127/dtlmenu,https://tabelog.com/tokyo/A1312/A131204/13048127/dtlphotolst/3/smp2,https://tabelog.com/tokyo/A1312/A131204/13048127/dtlphotolst/4/smp2,葛飾区
デリス洋菓子店 東新小岩店,,https://tabelog.com/tokyo/A1312/A131204/13156714/,火曜日,新小岩駅,ケーキ 喫茶店,-,～￥999,3.07,東京都 葛飾区東新小岩5-2-7 1F,-,5,95,https://tabelog.com/tokyo/A1312/A131204/13156714/dtlmenu,https://tabelog.com/tokyo/A1312/A131204/13156714/dtlphotolst/3/smp2,https://tabelog.com/tokyo/A1312/A131204/13156714/dtlphotolst/4/smp2,葛飾区
セ・ラ・ヴィ洋菓子店,,https://tabelog.com/tokyo/A1324/A132403/13197556/,不定休,堀切菖蒲園駅,ケーキ 洋菓子（その他）,-,～￥999,3.02,東京都 葛飾区堀切2-57-12 ,-,1,29,https://tabelog.com/tokyo/A1324/A132403/13197556/dtlmenu,https://tabelog.com/tokyo/A1324/A132403/13197556/dtlphotolst/3/smp2,https://tabelog.com/tokyo/A1324/A132403/13197556/dtlphotolst/4/smp2,葛飾区
シルバード洋菓子店,,https://tabelog.com/tokyo/A1312/A131204/13109037/,無休,小岩駅,ケーキ 喫茶店,-,～￥999,3.27,東京都 江戸川区南小岩7-23-17 ,03-3657-6196,36,1348,https://tabelog.com/tokyo/A1312/A131204/13109037/dtlmenu,https://tabelog.com/tokyo/A1312/A131204/13109037/dtlphotolst/3/smp2,https://tabelog.com/tokyo/A1312/A131204/13109037/dtlphotolst/4/smp2,江戸川区
パンと洋菓子 さくら堂,,https://tabelog.com/tokyo/A1312/A131202/13103384/,-,平井駅,パン ケーキ,-,～￥999,3.22,東京都 江戸川区平井4-9-5 ,03-3681-0823,19,299,https://tabelog.com/tokyo/A1312/A131202/13103384/dtlmenu,https://tabelog.com/tokyo/A1312/A131202/13103384/dtlphotolst/3/smp2,https://tabelog.com/tokyo/A1312/A131202/13103384/dtlphotolst/4/smp2,江戸川区
パローレ洋菓子店,（Parole）,https://tabelog.com/tokyo/A1313/A131305/13041820/,水曜日(月に一度程度　火・水　と連休させていただきます）,西葛西駅,ケーキ カフェ・喫茶（その他）,～￥999,～￥999,3.22,東京都 江戸川区西葛西4-2-31 ,03-3680-0864,19,366,https://tabelog.com/tokyo/A1313/A131305/13041820/dtlmenu,https://tabelog.com/tokyo/A1313/A131305/13041820/dtlphotolst/3/smp2,https://tabelog.com/tokyo/A1313/A131305/13041820/dtlphotolst/4/smp2,江戸川区
パン・洋菓子　モリタ,,https://tabelog.com/tokyo/A1312/A131204/13123926/,-,小岩駅,パン 洋菓子（その他）,-,～￥999,3.11,東京都 江戸川区東松本1-8-11 ,03-3659-4415,6,44,https://tabelog.com/tokyo/A1312/A131204/13123926/dtlmenu,https://tabelog.com/tokyo/A1312/A131204/13123926/dtlphotolst/3/smp2,https://tabelog.com/tokyo/A1312/A131204/13123926/dtlphotolst/4/smp2,江戸川区
洋菓子　ウィロヴィー,,https://tabelog.com/tokyo/A1312/A131204/13123907/,無休,小岩駅,ケーキ,-,～￥999,3.05,東京都 江戸川区東松本1-8-17 ,03-3659-7097,2,22,https://tabelog.com/tokyo/A1312/A131204/13123907/dtlmenu,https://tabelog.com/tokyo/A1312/A131204/13123907/dtlphotolst/3/smp2,https://tabelog.com/tokyo/A1312/A131204/13123907/dtlphotolst/4/smp2,江戸川区
シャルル洋菓子店,,https://tabelog.com/tokyo/A1312/A131205/13128989/,日曜日,一之江駅,ケーキ,-,～￥999,3.00,東京都 江戸川区松江2-18-16 ,-,1,15,https://tabelog.com/tokyo/A1312/A131205/13128989/dtlmenu,https://tabelog.com/tokyo/A1312/A131205/13128989/dtlphotolst/3/smp2,https://tabelog.com/tokyo/A1312/A131205/13128989/dtlphotolst/4/smp2,江戸川区
洋菓子工房　小さなお菓子屋さん,,https://tabelog.com/tokyo/A1313/A131305/13054462/,月曜日,西葛西駅,ケーキ アイスクリーム かき氷,-,～￥999,3.14,東京都 江戸川区北葛西3-3-1 ,-,5,68,https://tabelog.com/tokyo/A1313/A131305/13054462/dtlmenu,https://tabelog.com/tokyo/A1313/A131305/13054462/dtlphotolst/3/smp2,https://tabelog.com/tokyo/A1313/A131305/13054462/dtlphotolst/4/smp2,江戸川区
